"Date","Price","Open","High","Low","Vol.","Change %"
"Jun 07, 2021","4.4977","4.5265","4.5390","4.4950","-","-0.63%"
"Jun 06, 2021","4.5263","4.5155","4.5293","4.5115","-","-0.06%"
"Jun 04, 2021","4.5290","4.4675","4.5395","4.4370","-","1.48%"
"Jun 03, 2021","4.4630","4.6040","4.6205","4.4295","127.70K","-2.80%"
"Jun 02, 2021","4.5915","4.6530","4.6675","4.5790","75.46K","-1.33%"
"Jun 01, 2021","4.6535","4.6755","4.7070","4.6375","128.29K","-0.59%"
"May 31, 2021","4.6810","4.6930","4.7047","4.6525","-","-0.27%"
"May 30, 2021","4.6937","4.6723","4.6950","4.6697","-","0.35%"
"May 28, 2021","4.6775","4.6660","4.6950","4.5925","104.13K","0.31%"
"May 27, 2021","4.6630","4.5250","4.6770","4.5015","90.45K","2.95%"
"May 26, 2021","4.5295","4.5105","4.5470","4.4945","65.58K","0.51%"
"May 25, 2021","4.5065","4.5315","4.5815","4.4910","86.45K","-0.42%"
"May 24, 2021","4.5255","4.5020","4.5415","4.4440","79.53K","0.99%"
"May 21, 2021","4.4810","4.5350","4.5625","4.4690","105.06K","-1.90%"
"May 20, 2021","4.5680","4.5720","4.6250","4.5230","102.54K","-0.19%"
"May 19, 2021","4.5765","4.7065","4.7280","4.5285","142.07K","-3.15%"
"May 18, 2021","4.7255","4.7155","4.7820","4.7040","78.11K","0.30%"
"May 17, 2021","4.7115","4.6675","4.7220","4.6405","76.76K","1.22%"
"May 14, 2021","4.6545","4.6860","4.7120","4.6060","115.49K","-0.77%"
"May 13, 2021","4.6905","4.7190","4.7675","4.6435","113.72K","-0.96%"
"May 12, 2021","4.7360","4.8000","4.8245","4.7060","108.33K","-0.55%"
"May 11, 2021","4.7620","4.6650","4.8035","4.6625","109.38K","0.98%"
"May 10, 2021","4.7160","4.7800","4.8880","4.6875","160.25K","-0.68%"
"May 07, 2021","4.7485","4.6090","4.7510","4.5975","120.25K","3.17%"
"May 06, 2021","4.6025","4.5190","4.6125","4.5005","79.80K","1.74%"
"May 05, 2021","4.5240","4.5560","4.5725","4.5035","64.61K","0.06%"
"May 04, 2021","4.5215","4.5285","4.5625","4.4900","64.43K","-0.15%"
"May 03, 2021","4.5285","4.4620","4.5355","4.4350","40.97K","1.35%"
"Apr 30, 2021","4.4680","4.4830","4.5305","4.4460","74.28K","-0.41%"
"Apr 29, 2021","4.4865","4.5000","4.5510","4.4645","92.26K","-0.24%"
"Apr 28, 2021","4.4975","4.4810","4.5185","4.4155","70.66K","0.27%"
"Apr 27, 2021","4.4855","4.4350","4.5250","4.4350","70.98K","0.92%"
"Apr 26, 2021","4.4445","4.3415","4.4560","4.3350","60.02K","2.38%"
"Apr 23, 2021","4.3410","4.2730","4.3490","4.2655","37.20K","1.44%"
"Apr 22, 2021","4.2795","4.2960","4.3000","4.2525","29.18K","-0.19%"
"Apr 21, 2021","4.2875","4.2190","4.3035","4.2140","31.34K","1.58%"
"Apr 20, 2021","4.2210","4.2410","4.3035","4.2095","24.26K","-0.57%"
"Apr 19, 2021","4.2450","4.1710","4.2830","4.1590","28.76K","1.73%"
"Apr 16, 2021","4.1730","4.2315","4.2495","4.1655","26.88K","-1.23%"
"Apr 15, 2021","4.2250","4.1120","4.2415","4.1120","40.57K","2.20%"
"Apr 14, 2021","4.1340","4.0465","4.1380","4.0365","38.44K","2.35%"
"Apr 13, 2021","4.0390","4.0220","4.0655","4.0055","19.79K","0.34%"
"Apr 12, 2021","4.0255","4.0520","4.0645","3.9950","20.11K","-0.51%"
"Apr 09, 2021","4.0460","4.0980","4.1100","4.0430","20.39K","-1.29%"
"Apr 08, 2021","4.0990","4.0650","4.1010","4.0480","21.24K","1.02%"
"Apr 07, 2021","4.0575","4.1090","4.1185","4.0400","14.42K","-1.48%"
"Apr 06, 2021","4.1185","4.1430","4.1530","4.0740","16.42K","-0.53%"
"Apr 05, 2021","4.1405","4.0300","4.1615","4.0280","13.42K","3.66%"
"Apr 01, 2021","3.9945","3.9890","4.0215","3.9490","73.10K","-0.15%"
"Mar 31, 2021","4.0005","3.9820","4.0200","3.9585","16.16K","0.45%"
"Mar 30, 2021","3.9825","4.0420","4.0520","3.9695","9.01K","-1.39%"
"Mar 29, 2021","4.0385","4.0810","4.0840","4.0135","8.69K","-0.79%"
"Mar 26, 2021","4.0705","3.9995","4.0830","3.9990","9.43K","2.24%"
"Mar 25, 2021","3.9815","4.0325","4.0475","3.9475","12.70K","-2.11%"
"Mar 24, 2021","4.0675","4.0350","4.1060","4.0215","7.54K","-0.34%"
"Mar 23, 2021","4.0815","4.1445","4.1660","4.0195","5.99K","-1.45%"
"Mar 22, 2021","4.1415","4.1015","4.1485","4.0780","5.61K","0.68%"
"Mar 19, 2021","4.1135","4.0650","4.1220","4.0130","6.23K","0.11%"
"Mar 18, 2021","4.1090","4.1490","4.1565","4.0500","5.55K","-0.28%"
"Mar 17, 2021","4.1205","4.0625","4.1630","4.0505","4.01K","1.17%"
"Mar 16, 2021","4.0730","4.1400","4.1490","4.0430","5.40K","-1.65%"
"Mar 15, 2021","4.1415","4.1665","4.1900","4.1125","5.46K","0.00%"
"Mar 12, 2021","4.1415","4.1460","4.1590","4.0685","4.33K","0.01%"
"Mar 11, 2021","4.1410","4.0350","4.1510","4.0110","8.07K","2.69%"
"Mar 10, 2021","4.0325","4.0170","4.0605","3.9860","6.25K","0.61%"
"Mar 09, 2021","4.0080","4.0745","4.1195","3.9760","6.13K","-2.04%"
"Mar 08, 2021","4.0915","4.1180","4.1665","3.9970","6.50K","0.40%"
"Mar 05, 2021","4.0750","3.9515","4.1100","3.9070","8.98K","2.44%"
"Mar 04, 2021","3.9780","4.1120","4.1455","3.8500","15.68K","-3.92%"
"Mar 03, 2021","4.1405","4.2095","4.2120","4.0970","8.06K","-1.86%"
"Mar 02, 2021","4.2190","4.1035","4.2235","4.0430","8.38K","2.60%"
"Mar 01, 2021","4.1120","4.0930","4.1780","4.0890","9.46K","0.53%"
"Feb 26, 2021","4.0905","4.2080","4.2495","4.0765","10.51K","-3.95%"
"Feb 25, 2021","4.2585","4.3130","4.3700","4.1865","5.81K","-0.97%"
"Feb 24, 2021","4.3000","4.2120","4.3245","4.1435","8.88K","2.75%"
"Feb 23, 2021","4.1850","4.1485","4.2270","4.0960","7.85K","0.95%"
"Feb 22, 2021","4.1455","4.0670","4.2135","4.0670","8.11K","1.79%"
"Feb 19, 2021","4.0725","3.9090","4.0895","3.8900","11.26K","4.34%"
"Feb 18, 2021","3.9030","3.8265","3.9240","3.8240","7.80K","2.12%"
"Feb 17, 2021","3.8220","3.8315","3.8380","3.7950","7.04K","-0.17%"
"Feb 16, 2021","3.8285","3.7970","3.8345","3.7945","6.61K","0.18%"
"Feb 15, 2021","3.8218","3.8005","3.8340","3.7997","-","0.57%"
"Feb 14, 2021","3.8003","3.7960","3.8087","3.7960","-","0.47%"
"Feb 12, 2021","3.7825","3.7765","3.8000","3.7320","4.52K","0.29%"
"Feb 11, 2021","3.7715","3.7600","3.7880","3.7475","4.80K","0.04%"
"Feb 10, 2021","3.7700","3.7120","3.7880","3.7070","6.62K","1.55%"
"Feb 09, 2021","3.7125","3.6760","3.7170","3.6645","5.80K","1.38%"
"Feb 08, 2021","3.6620","3.6420","3.6760","3.6210","4.93K","1.03%"
"Feb 05, 2021","3.6245","3.5685","3.6375","3.5635","4.24K","1.94%"
"Feb 04, 2021","3.5555","3.5650","3.5810","3.5405","2.82K","-0.25%"
"Feb 03, 2021","3.5645","3.5340","3.5690","3.5075","4.31K","1.13%"
"Feb 02, 2021","3.5245","3.5505","3.5635","3.5050","4.36K","-0.55%"
"Feb 01, 2021","3.5440","3.5390","3.5800","3.5270","4.47K","-0.34%"
"Jan 29, 2021","3.5560","3.5745","3.6090","3.5370","3.24K","-0.66%"
"Jan 28, 2021","3.5795","3.5510","3.5995","3.5015","4.36K","0.34%"
"Jan 27, 2021","3.5675","3.6305","3.6305","3.5345","3.67K","-1.69%"
"Jan 26, 2021","3.6290","3.6410","3.6480","3.5900","2.65K","-0.22%"
"Jan 25, 2021","3.6370","3.6400","3.6455","3.6000","2.50K","0.14%"
"Jan 22, 2021","3.6320","3.6470","3.6470","3.5775","4.04K","-0.60%"
"Jan 21, 2021","3.6540","3.6525","3.6750","3.6410","2.02K","0.21%"
"Jan 20, 2021","3.6465","3.6415","3.6605","3.6285","1.85K","0.23%"
"Jan 19, 2021","3.6380","3.6050","3.6540","3.6020","5.61K","0.59%"
"Jan 18, 2021","3.6168","3.5762","3.6488","3.5737","-","1.14%"
"Jan 17, 2021","3.5760","3.6000","3.6060","3.5585","-","-0.90%"
"Jan 15, 2021","3.6085","3.6725","3.6850","3.5915","2.17K","-1.64%"
"Jan 14, 2021","3.6685","3.6235","3.6785","3.6165","6.03K","1.24%"
"Jan 13, 2021","3.6235","3.6480","3.6480","3.6140","3.79K","0.32%"
"Jan 12, 2021","3.6120","3.5800","3.6500","3.5800","5.06K","1.09%"
"Jan 11, 2021","3.5730","3.6780","3.6790","3.5620","4.56K","-2.99%"
"Jan 08, 2021","3.6830","3.7315","3.7355","3.6400","6.84K","-0.61%"
"Jan 07, 2021","3.7055","3.6730","3.7190","3.6575","1.54K","1.24%"
"Jan 06, 2021","3.6600","3.6605","3.7060","3.6370","3.15K","0.32%"
"Jan 05, 2021","3.6485","3.5825","3.6640","3.5825","2.71K","2.36%"
"Jan 04, 2021","3.5645","3.5495","3.6105","3.5495","2.78K","1.26%"
"Jan 01, 2021","3.5200","3.5200","3.5200","3.5200","-","-0.18%"
"Dec 31, 2020","3.5265","3.5535","3.5535","3.5145","2.02K","-0.87%"
"Dec 30, 2020","3.5575","3.5580","3.5875","3.5510","1.36K","-0.14%"
"Dec 29, 2020","3.5625","3.5870","3.5995","3.5525","1.97K","-0.49%"
"Dec 28, 2020","3.5800","3.5985","3.6185","3.5785","0.42K","0.25%"
"Dec 24, 2020","3.5710","3.5520","3.5760","3.5445","0.97K","0.18%"
"Dec 23, 2020","3.5645","3.5290","3.5695","3.4985","1.57K","0.95%"
"Dec 22, 2020","3.5310","3.5935","3.6005","3.5170","2.15K","-1.59%"
"Dec 21, 2020","3.5880","3.6480","3.6480","3.5570","2.86K","-1.42%"
"Dec 18, 2020","3.6395","3.6250","3.6470","3.6085","1.69K","0.92%"
"Dec 17, 2020","3.6065","3.5705","3.6175","3.5705","1.32K","1.18%"
"Dec 16, 2020","3.5645","3.5490","3.5830","3.5465","2.47K","0.32%"
"Dec 15, 2020","3.5530","3.5225","3.5540","3.5190","1.64K","0.42%"
"Dec 14, 2020","3.5380","3.5535","3.5585","3.5200","2.43K","0.01%"
"Dec 11, 2020","3.5375","3.6145","3.6145","3.5105","2.70K","-1.26%"
"Dec 10, 2020","3.5825","3.4740","3.5960","3.4740","2.81K","1.72%"
"Dec 09, 2020","3.5220","3.5250","3.5380","3.5000","2.64K","0.38%"
"Dec 08, 2020","3.5085","3.4925","3.5145","3.4790","2.27K","-0.48%"
"Dec 07, 2020","3.5255","3.5460","3.5460","3.4920","2.90K","-0.16%"
"Dec 04, 2020","3.5310","3.5035","3.5360","3.5035","1.49K","1.02%"
"Dec 03, 2020","3.4955","3.4940","3.5235","3.4810","2.99K","0.07%"
"Dec 02, 2020","3.4930","3.4915","3.5140","3.4465","2.15K","0.01%"
"Dec 01, 2020","3.4925","3.4485","3.5225","3.4485","2.46K","1.39%"
"Nov 30, 2020","3.4445","3.4320","3.5075","3.4320","2.20K","0.64%"
"Nov 27, 2020","3.4225","3.3610","3.4280","3.3600","1.60K","2.23%"
"Nov 26, 2020","3.3478","3.3117","3.3585","3.3090","-","0.26%"
"Nov 25, 2020","3.3390","3.3295","3.3405","3.3120","1.75K","0.38%"
"Nov 24, 2020","3.3265","3.3000","3.3390","3.2995","2.83K","1.23%"
"Nov 23, 2020","3.2860","3.3090","3.3090","3.2630","1.75K","-0.83%"
"Nov 20, 2020","3.3135","3.2445","3.3200","3.2445","3.67K","2.62%"
"Nov 19, 2020","3.2290","3.2155","3.2420","3.1980","1.71K","0.23%"
"Nov 18, 2020","3.2215","3.2290","3.2490","3.2200","1.93K","0.08%"
"Nov 17, 2020","3.2190","3.2440","3.2470","3.2000","1.80K","-0.56%"
"Nov 16, 2020","3.2370","3.2360","3.2650","3.2235","2.51K","1.44%"
"Nov 13, 2020","3.1910","3.1500","3.1985","3.1500","1.96K","0.98%"
"Nov 12, 2020","3.1600","3.1580","3.1745","3.1380","2.63K","0.30%"
"Nov 11, 2020","3.1505","3.1780","3.1900","3.1335","2.84K","-0.69%"
"Nov 10, 2020","3.1725","3.1700","3.1750","3.1150","4.29K","0.08%"
"Nov 09, 2020","3.1700","3.1925","3.2160","3.1490","3.29K","0.09%"
"Nov 06, 2020","3.1670","3.1180","3.1815","3.1180","6.48K","1.49%"
"Nov 05, 2020","3.1205","3.1105","3.1410","3.0925","0.72K","0.29%"
"Nov 04, 2020","3.1115","3.1085","3.1225","3.0440","1.02K","0.57%"
"Nov 03, 2020","3.0940","3.0955","3.1190","3.0935","0.98K","0.18%"
"Nov 02, 2020","3.0885","3.0640","3.0970","3.0605","0.55K","0.95%"
"Oct 30, 2020","3.0595","3.0640","3.0770","3.0560","0.69K","-0.24%"
"Oct 29, 2020","3.0670","3.0910","3.0990","3.0580","0.37K","-0.23%"
"Oct 28, 2020","3.0740","3.0900","3.1125","3.0595","0.41K","-0.95%"
"Oct 27, 2020","3.1035","3.0970","3.1155","3.0960","0.62K","0.32%"
"Oct 26, 2020","3.0935","3.1275","3.1275","3.0885","0.49K","-1.21%"
"Oct 23, 2020","3.1315","3.1395","3.1555","3.1280","0.36K","-0.71%"
"Oct 22, 2020","3.1540","3.1875","3.1875","3.1450","1.01K","-1.16%"
"Oct 21, 2020","3.1910","3.1500","3.1920","3.1500","0.51K","1.54%"
"Oct 20, 2020","3.1425","3.1000","3.1625","3.0985","1.23K","1.73%"
"Oct 19, 2020","3.0890","3.0775","3.1050","3.0710","0.72K","0.52%"
"Oct 16, 2020","3.0730","3.0870","3.0885","3.0625","1.36K","-0.73%"
"Oct 15, 2020","3.0955","3.0670","3.0955","3.0510","1.14K","0.90%"
"Oct 14, 2020","3.0680","3.0600","3.0800","3.0590","0.56K","0.33%"
"Oct 13, 2020","3.0580","3.0590","3.0670","3.0440","0.96K","-0.54%"
"Oct 12, 2020","3.0745","3.0790","3.0935","3.0665","1.01K","-0.26%"
"Oct 09, 2020","3.0825","3.0715","3.0900","3.0540","1.90K","1.17%"
"Oct 08, 2020","3.0470","3.0340","3.0525","3.0275","1.20K","0.00%"
"Oct 07, 2020","3.0470","2.9580","3.0665","2.9550","1.54K","2.11%"
"Oct 06, 2020","2.9840","2.9805","2.9915","2.9515","1.29K","0.05%"
"Oct 05, 2020","2.9825","2.9815","2.9850","2.9550","1.17K","-0.40%"
"Oct 02, 2020","2.9945","2.8840","3.0020","2.8720","1.79K","3.78%"
"Oct 01, 2020","2.8855","3.0510","3.0510","2.8820","1.77K","-5.28%"
"Sep 30, 2020","3.0465","3.0075","3.0515","2.9970","1.08K","1.50%"
"Sep 29, 2020","3.0015","2.9785","2.9945","2.9770","0.64K","-0.07%"
"Sep 28, 2020","3.0035","2.9955","3.0105","2.9910","0.97K","0.77%"
"Sep 25, 2020","2.9805","2.9980","2.9980","2.9555","1.28K","0.07%"
"Sep 24, 2020","2.9785","2.9610","2.9825","2.9400","0.84K","-0.88%"
"Sep 23, 2020","3.0050","3.0430","3.0535","2.9600","0.98K","-1.93%"
"Sep 22, 2020","3.0640","3.0570","3.0880","3.0565","0.86K","0.97%"
"Sep 21, 2020","3.0345","3.1065","3.1065","3.0265","1.74K","-2.77%"
"Sep 18, 2020","3.1210","3.1105","3.1155","3.0815","1.77K","1.04%"
"Sep 17, 2020","3.0890","3.0415","3.0965","3.0415","0.33K","0.23%"
"Sep 16, 2020","3.0820","3.0810","3.0895","3.0720","0.34K","-0.11%"
"Sep 15, 2020","3.0855","3.1020","3.1045","3.0705","0.89K","-0.19%"
"Sep 14, 2020","3.0915","3.0675","3.0960","3.0585","1.16K","0.95%"
"Sep 11, 2020","3.0625","3.0205","3.0700","3.0205","1.14K","1.27%"
"Sep 10, 2020","3.0240","3.0580","3.0710","2.9950","1.51K","-1.72%"
"Sep 09, 2020","3.0770","3.0575","3.0730","3.0560","2.01K","0.85%"
"Sep 08, 2020","3.0510","3.0795","3.1005","3.0215","3.45K","-0.61%"
"Sep 07, 2020","3.0697","3.0740","3.0880","3.0427","-","-0.16%"
"Sep 06, 2020","3.0745","3.0790","3.0790","3.0623","-","-0.31%"
"Sep 04, 2020","3.0840","3.0300","3.0970","3.0275","2.05K","2.71%"
"Sep 03, 2020","3.0025","3.0535","3.0600","2.9900","0.88K","-1.46%"
"Sep 02, 2020","3.0470","3.0545","3.0610","3.0335","1.51K","-0.18%"
"Sep 01, 2020","3.0525","3.0710","3.0945","3.0395","1.06K","-1.05%"
"Aug 31, 2020","3.0850","3.0565","3.0830","3.0565","0.46K","1.51%"
"Aug 28, 2020","3.0390","3.0520","3.0590","3.0365","1.02K","0.83%"
"Aug 27, 2020","3.0140","3.0060","3.0305","2.9855","0.60K","0.23%"
"Aug 26, 2020","3.0070","2.9855","3.0095","2.9845","0.54K","0.89%"
"Aug 25, 2020","2.9805","2.9760","2.9910","2.9650","0.23K","0.17%"
"Aug 24, 2020","2.9755","2.9795","3.0050","2.9675","0.58K","0.44%"
"Aug 21, 2020","2.9625","2.9855","2.9855","2.9545","0.35K","-1.81%"
"Aug 20, 2020","3.0170","3.0140","3.0385","3.0075","0.69K","-1.34%"
"Aug 19, 2020","3.0580","3.0225","3.0625","3.0225","1.49K","1.44%"
"Aug 18, 2020","3.0145","2.9500","3.0155","2.9500","0.40K","2.05%"
"Aug 17, 2020","2.9540","2.9100","2.9620","2.9100","0.73K","1.39%"
"Aug 14, 2020","2.9135","2.8755","2.9145","2.8755","0.48K","1.64%"
"Aug 13, 2020","2.8665","2.9050","2.9050","2.8310","0.47K","-2.58%"
"Aug 12, 2020","2.9425","2.9090","2.9490","2.9090","0.47K","0.46%"
"Aug 11, 2020","2.9290","2.9060","2.9320","2.9010","0.30K","0.43%"
"Aug 10, 2020","2.9165","2.8445","2.9375","2.8445","0.43K","2.30%"
"Aug 07, 2020","2.8510","2.9405","2.9405","2.8425","0.48K","-3.97%"
"Aug 06, 2020","2.9690","2.9470","2.9685","2.9470","0.90K","0.00%"
"Aug 05, 2020","2.9690","2.9690","2.9865","2.9665","1.01K","0.63%"
"Aug 04, 2020","2.9505","2.9385","2.9530","2.9385","0.22K","-0.42%"
"Aug 03, 2020","2.9630","2.9435","2.9720","2.9425","0.48K","1.59%"
"Jul 31, 2020","2.9165","2.9595","2.9595","2.8920","0.20K","-1.27%"
"Jul 30, 2020","2.9540","2.9465","2.9550","2.9355","0.13K","-0.08%"
"Jul 29, 2020","2.9565","2.9375","2.9735","2.9375","0.04K","0.03%"
"Jul 28, 2020","2.9555","2.9380","2.9380","2.9380","0.04K","0.65%"
"Jul 27, 2020","2.9365","2.9565","2.9565","2.9300","0.08K","0.41%"
"Jul 24, 2020","2.9245","2.9255","2.9385","2.9055","0.32K","-1.37%"
"Jul 23, 2020","2.9650","2.9345","2.9345","2.9345","0.35K","0.25%"
"Jul 22, 2020","2.9575","2.9625","2.9625","2.9530","0.46K","-1.17%"
"Jul 21, 2020","2.9925","2.9660","3.0000","2.9650","0.17K","1.42%"
"Jul 20, 2020","2.9505","2.9295","2.9295","2.9295","0.03K","0.44%"
"Jul 17, 2020","2.9375","2.9250","2.9415","2.9245","0.22K","0.14%"
"Jul 16, 2020","2.9335","2.8880","2.9345","2.8880","0.08K","0.46%"
"Jul 15, 2020","2.9200","2.9560","2.9560","2.9300","0.08K","-1.65%"
"Jul 14, 2020","2.9690","2.9585","2.9745","2.9540","0.49K","-0.52%"
"Jul 13, 2020","2.9845","2.9840","2.9940","2.9480","0.30K","1.89%"
"Jul 10, 2020","2.9290","2.8850","2.9200","2.8850","0.28K","1.91%"
"Jul 09, 2020","2.8740","2.8530","2.8925","2.8530","0.07K","0.81%"
"Jul 08, 2020","2.8510","2.8310","2.8455","2.8310","0.28K","0.83%"
"Jul 07, 2020","2.8275","2.7985","2.8095","2.7895","0.05K","0.93%"
"Jul 06, 2020","2.8015","2.7560","2.7945","2.7945","0.26K","3.80%"
"Jul 03, 2020","2.6990","2.7330","2.7370","2.6980","-","-3.14%"
"Jul 02, 2020","2.7865","2.7990","2.8005","2.7840","0.01K","0.43%"
"Jul 01, 2020","2.7745","2.7640","2.7755","2.7640","0.04K","0.31%"
"Jun 30, 2020","2.7660","2.7565","2.7565","2.7480","0.03K","1.28%"
"Jun 29, 2020","2.7310","2.7305","2.7310","2.7215","0.07K","0.48%"
"Jun 26, 2020","2.7180","2.7145","2.7145","2.7145","0.01K","-0.13%"
"Jun 25, 2020","2.7215","2.6925","2.7165","2.6885","0.01K","0.70%"
"Jun 24, 2020","2.7025","2.6870","2.6965","2.6870","0.15K","-0.35%"
"Jun 23, 2020","2.7120","2.7145","2.7145","2.7085","0.08K","0.26%"
"Jun 22, 2020","2.7050","2.7030","2.7030","2.7030","0.01K","1.22%"
"Jun 19, 2020","2.6725","2.6580","2.6920","2.6580","0.02K","0.51%"
"Jun 18, 2020","2.6590","2.6880","2.6880","2.6490","0.02K","-0.04%"
"Jun 17, 2020","2.6600","2.6435","2.6535","2.6400","0.02K","0.83%"
"Jun 16, 2020","2.6380","2.6680","2.6680","2.6680","0.03K","0.08%"
"Jun 15, 2020","2.6360","2.6140","2.6140","2.6140","0.08K","-1.00%"
"Jun 12, 2020","2.6625","2.6600","2.6720","2.6495","0.06K","0.79%"
"Jun 11, 2020","2.6415","2.6140","2.6140","2.6140","0.05K","-2.44%"
"Jun 10, 2020","2.7075","2.6820","2.7115","2.6820","0.13K","2.02%"
"Jun 09, 2020","2.6540","2.6250","2.6250","2.6250","0.01K","1.22%"
"Jun 08, 2020","2.6220","2.6200","2.6200","2.6195","0.08K","0.56%"
"Jun 05, 2020","2.6075","2.5680","2.6195","2.5680","0.13K","2.54%"
"Jun 04, 2020","2.5430","2.5460","2.5460","2.5365","0.03K","0.16%"
"Jun 03, 2020","2.5390","2.5465","2.5465","2.5440","0.06K","-0.16%"
"Jun 02, 2020","2.5430","2.5450","2.5450","2.5450","0.03K","0.75%"
"Jun 01, 2020","2.5240","2.4800","2.4800","2.4800","0.14K","1.65%"
"May 29, 2020","2.4830","2.4695","2.4710","2.4600","0.00K","0.42%"
"May 28, 2020","2.4725","2.4420","2.4730","2.4400","0.03K","1.19%"
"May 27, 2020","2.4435","2.4290","2.4290","2.4190","0.02K","-1.27%"
"May 26, 2020","2.4750","2.4725","2.4725","2.4615","0.02K","2.87%"
"May 25, 2020","2.4060","2.3980","2.4140","2.3860","-","0.38%"
"May 24, 2020","2.3970","2.3930","2.3990","2.3870","-","-1.90%"
"May 22, 2020","2.4435","2.4240","2.4240","2.4240","0.01K","-1.85%"
"May 21, 2020","2.4895","2.5045","2.5045","2.5045","0.03K","-0.90%"
"May 20, 2020","2.5120","2.5045","2.5045","2.5035","0.05K","1.58%"
"May 19, 2020","2.4730","2.4580","2.4580","2.4580","0.02K","0.75%"
"May 18, 2020","2.4545","2.4600","2.4600","2.4600","0.05K","3.02%"
"May 15, 2020","2.3825","2.3750","2.3750","2.3750","0.08K","-0.65%"
"May 14, 2020","2.3980","2.3910","2.3910","2.3910","0.01K","-0.15%"
"May 13, 2020","2.4015","2.4075","2.4075","2.4075","0.00K","-0.46%"
"May 12, 2020","2.4125","2.4245","2.4245","2.4245","0.04K","-0.78%"
"May 11, 2020","2.4315","2.4255","2.4255","2.4255","0.04K","-1.16%"
"May 08, 2020","2.4600","2.4535","2.4610","2.4535","0.04K","1.21%"
"May 07, 2020","2.4305","2.4195","2.4200","2.4015","0.04K","1.21%"
"May 06, 2020","2.4015","2.3950","2.3950","2.3950","0.00K","0.78%"
"May 05, 2020","2.3830","2.3750","2.3760","2.3740","0.03K","0.95%"
"May 04, 2020","2.3605","2.3290","2.3290","2.3290","0.00K","0.23%"
"May 01, 2020","2.3550","2.3435","2.3435","2.3435","0.01K","-1.34%"
"Apr 30, 2020","2.3870","2.4090","2.4090","2.3990","0.24K","-1.16%"
"Apr 29, 2020","2.4150","2.4160","2.4225","2.4140","0.05K","0.90%"
"Apr 28, 2020","2.3935","2.4000","2.4000","2.3935","0.10K","0.08%"
"Apr 27, 2020","2.3915","2.4045","2.4045","2.3800","0.21K","0.23%"
"Apr 24, 2020","2.3860","2.3795","2.3795","2.3795","0.03K","0.74%"
"Apr 23, 2020","2.3685","2.3820","2.3825","2.3820","0.01K","0.28%"
"Apr 22, 2020","2.3620","2.3545","2.3545","2.3545","0.03K","1.72%"
"Apr 21, 2020","2.3220","2.3210","2.3210","2.3205","0.01K","-2.70%"
"Apr 20, 2020","2.3865","2.3980","2.3980","2.3980","0.01K","-0.48%"
"Apr 17, 2020","2.3980","2.3960","2.4035","2.3795","0.00K","2.17%"
"Apr 16, 2020","2.3470","2.3565","2.3580","2.3565","0.01K","-0.02%"
"Apr 15, 2020","2.3475","2.3440","2.3440","2.3440","0.01K","-1.47%"
"Apr 14, 2020","2.3825","2.3860","2.3860","2.3725","0.08K","0.78%"
"Apr 13, 2020","2.3640","2.3440","2.3440","2.3440","0.00K","4.14%"
"Apr 10, 2020","2.2700","2.2700","2.2700","2.2700","-","-2.01%"
"Apr 09, 2020","2.3165","2.3090","2.3110","2.3035","0.02K","0.13%"
"Apr 08, 2020","2.3135","2.2995","2.2995","2.2940","0.01K","-0.02%"
"Apr 07, 2020","2.3140","2.3280","2.3280","2.3190","0.05K","2.66%"
"Apr 06, 2020","2.2540","2.2480","2.2480","2.2480","0.01K","1.08%"
"Apr 03, 2020","2.2300","2.2480","2.2480","2.2150","0.00K","-1.24%"
"Apr 02, 2020","2.2580","2.2520","2.2520","2.2520","0.00K","1.80%"
"Apr 01, 2020","2.2180","2.2115","2.2115","2.2115","0.01K","-2.23%"
"Mar 31, 2020","2.2685","2.2370","2.2370","2.2370","0.00K","3.16%"
"Mar 30, 2020","2.1990","2.1930","2.1930","2.1930","8.02K","-0.50%"
"Mar 27, 2020","2.2100","2.1870","2.2050","2.1870","0.00K","-0.43%"
"Mar 26, 2020","2.2195","2.2130","2.2130","2.2130","0.01K","-1.07%"
"Mar 25, 2020","2.2435","2.2525","2.2565","2.2525","0.01K","1.24%"
"Mar 24, 2020","2.2160","2.2015","2.2015","2.2015","0.00K","3.84%"
"Mar 23, 2020","2.1340","2.1270","2.1270","2.1270","0.03K","-3.26%"
"Mar 20, 2020","2.2060","2.1950","2.1950","2.1615","0.01K","-0.97%"
"Mar 19, 2020","2.2275","2.1500","2.1500","2.0825","0.07K","1.34%"
"Mar 18, 2020","2.1980","2.3350","2.3350","2.1700","0.05K","-6.77%"
"Mar 17, 2020","2.3575","2.4340","2.4340","2.3500","0.00K","-3.16%"
"Mar 16, 2020","2.4345","2.4200","2.4200","2.4200","0.02K","-2.66%"
"Mar 13, 2020","2.5010","2.4945","2.4945","2.4945","8.48K","-0.30%"
"Mar 12, 2020","2.5085","2.5025","2.5025","2.5025","0.01K","-1.10%"
"Mar 11, 2020","2.5365","2.5295","2.5295","2.5295","0.01K","-0.74%"
"Mar 10, 2020","2.5555","2.5515","2.5515","2.5515","0.04K","0.43%"
"Mar 09, 2020","2.5445","2.5315","2.5320","2.5315","0.00K","-1.93%"
"Mar 06, 2020","2.5945","2.5885","2.5885","2.5885","0.01K","-0.75%"
"Mar 05, 2020","2.6140","2.6075","2.6075","2.6075","0.00K","-0.42%"
"Mar 04, 2020","2.6250","2.6185","2.6185","2.6185","0.01K","0.46%"
"Mar 03, 2020","2.6130","2.6065","2.6065","2.6065","0.02K","-0.85%"
"Mar 02, 2020","2.6355","2.5525","2.5615","2.5525","0.01K","2.07%"
"Feb 28, 2020","2.5820","2.5600","2.5600","2.5595","0.03K","-0.88%"
"Feb 27, 2020","2.6050","2.5740","2.5740","2.5740","0.02K","-0.19%"
"Feb 26, 2020","2.6100","2.6215","2.6215","2.5825","0.01K","-0.32%"
"Feb 25, 2020","2.6185","2.6055","2.6055","2.6055","0.01K","-0.27%"
"Feb 24, 2020","2.6255","2.6190","2.6190","2.6190","0.00K","-1.30%"
"Feb 21, 2020","2.6600","2.6535","2.6535","2.6535","0.10K","0.66%"
"Feb 20, 2020","2.6425","2.6360","2.6360","2.6360","7.47K","-0.68%"
"Feb 19, 2020","2.6605","2.6550","2.6560","2.6540","0.04K","0.09%"
"Feb 18, 2020","2.6580","2.6515","2.6515","2.6515","0.01K","1.45%"
"Feb 17, 2020","2.6200","2.6070","2.6330","2.6020","-","0.50%"
"Feb 16, 2020","2.6070","2.5990","2.6100","2.5990","-","-1.73%"
"Feb 14, 2020","2.6530","2.6470","2.6470","2.6470","0.01K","-0.51%"
"Feb 13, 2020","2.6665","2.6610","2.6610","2.6610","0.03K","0.38%"
"Feb 12, 2020","2.6565","2.6505","2.6505","2.6505","9.07K","0.55%"
"Feb 11, 2020","2.6420","2.6355","2.6355","2.6355","7.58K","1.28%"
"Feb 10, 2020","2.6085","2.6020","2.6020","2.6020","9.11K","-0.11%"
"Feb 07, 2020","2.6115","2.6050","2.6050","2.6050","9.35K","-1.32%"
"Feb 06, 2020","2.6465","2.6530","2.6530","2.6530","0.00K","0.67%"
"Feb 05, 2020","2.6290","2.6235","2.6235","2.6235","0.05K","1.19%"
"Feb 04, 2020","2.5980","2.5995","2.5995","2.5995","0.00K","1.44%"
"Feb 03, 2020","2.5610","2.5560","2.5560","2.5560","0.02K","-0.18%"
"Jan 31, 2020","2.5655","2.5580","2.5580","2.5580","0.01K","-0.29%"
"Jan 30, 2020","2.5730","2.5685","2.5685","2.5685","3.63K","-1.11%"
"Jan 29, 2020","2.6020","2.5975","2.5975","2.5975","0.02K","-0.86%"
"Jan 28, 2020","2.6245","2.6210","2.6210","2.6210","5.48K","-0.81%"
"Jan 27, 2020","2.6460","2.6425","2.6425","2.6425","0.01K","-3.09%"
"Jan 24, 2020","2.7305","2.7270","2.7270","2.7270","3.00K","-1.51%"
"Jan 23, 2020","2.7725","2.7690","2.7690","2.7690","2.77K","-1.40%"
"Jan 22, 2020","2.8120","2.8180","2.8180","2.8180","0.00K","-0.81%"
"Jan 21, 2020","2.8350","2.8315","2.8315","2.8315","0.04K","-0.32%"
"Jan 20, 2020","2.8440","2.8520","2.8610","2.8370","-","-0.25%"
"Jan 19, 2020","2.8510","2.8460","2.8510","2.8450","-","-1.13%"
"Jan 17, 2020","2.8835","2.8800","2.8800","2.8800","2.87K","-0.02%"
"Jan 16, 2020","2.8840","2.8805","2.8805","2.8805","7.19K","-0.74%"
"Jan 15, 2020","2.9055","2.9020","2.9020","2.9020","3.36K","-0.24%"
"Jan 14, 2020","2.9125","2.9090","2.9090","2.9090","4.78K","0.52%"
"Jan 13, 2020","2.8975","2.8940","2.8940","2.8940","4.33K","1.60%"
"Jan 10, 2020","2.8520","2.8485","2.8485","2.8485","3.38K","0.42%"
"Jan 09, 2020","2.8400","2.8365","2.8365","2.8365","7.65K","-0.26%"
"Jan 08, 2020","2.8475","2.8440","2.8440","2.8440","8.15K","0.51%"
"Jan 07, 2020","2.8330","2.8295","2.8295","2.8295","5.04K","0.21%"
"Jan 06, 2020","2.8270","2.8235","2.8235","2.8235","2.41K","0.07%"
"Jan 03, 2020","2.8250","2.8215","2.8215","2.8215","2.74K","-1.33%"
"Jan 02, 2020","2.8630","2.8595","2.8595","2.8595","3.31K","2.03%"
"Jan 01, 2020","2.8060","2.7980","2.8070","2.7980","-","-1.14%"
"Dec 31, 2019","2.8385","2.8350","2.8350","2.8350","0.01K","-1.10%"
"Dec 30, 2019","2.8700","2.8660","2.8660","2.8660","2.14K","0.19%"
"Dec 27, 2019","2.8645","2.8605","2.8605","2.8605","1.81K","-0.68%"
"Dec 26, 2019","2.8840","2.8800","2.8800","2.8800","1.14K","1.62%"
"Dec 25, 2019","2.8380","2.8250","2.8420","2.8250","-","-0.80%"
"Dec 24, 2019","2.8610","2.8570","2.8570","2.8570","2.03K","0.67%"
"Dec 23, 2019","2.8420","2.8380","2.8380","2.8380","2.05K","0.04%"
"Dec 20, 2019","2.8410","2.8370","2.8370","2.8370","2.36K","-0.63%"
"Dec 19, 2019","2.8590","2.8550","2.8550","2.8550","0.01K","0.42%"
"Dec 18, 2019","2.8470","2.8440","2.8440","2.8440","2.63K","-0.12%"
"Dec 17, 2019","2.8505","2.8475","2.8475","2.8475","0.01K","0.18%"
"Dec 16, 2019","2.8455","2.8425","2.8425","2.8425","0.03K","0.78%"
"Dec 13, 2019","2.8235","2.8205","2.8205","2.8205","0.02K","-0.65%"
"Dec 12, 2019","2.8420","2.8380","2.8380","2.8380","0.02K","0.26%"
"Dec 11, 2019","2.8345","2.8305","2.8305","2.8305","7.21K","0.76%"
"Dec 10, 2019","2.8130","2.8090","2.8090","2.8090","7.31K","0.30%"
"Dec 09, 2019","2.8045","2.8005","2.8005","2.8005","6.99K","1.08%"
"Dec 06, 2019","2.7745","2.7705","2.7705","2.7705","5.03K","2.27%"
"Dec 05, 2019","2.7130","2.7090","2.7090","2.7090","3.03K","0.24%"
"Dec 04, 2019","2.7065","2.7025","2.7025","2.7025","3.82K","1.27%"
"Dec 03, 2019","2.6725","2.6685","2.6685","2.6685","3.19K","-1.07%"
"Dec 02, 2019","2.7015","2.6975","2.6975","2.6975","2.84K","-0.35%"
"Nov 29, 2019","2.7110","2.7070","2.7070","2.7070","2.00K","1.54%"
"Nov 28, 2019","2.6700","2.6940","2.6950","2.6670","-","-2.59%"
"Nov 27, 2019","2.7410","2.7370","2.7370","2.7370","0.03K","-0.11%"
"Nov 26, 2019","2.7440","2.7400","2.7400","2.7400","4.72K","1.35%"
"Nov 25, 2019","2.7075","2.7035","2.7035","2.7035","1.71K","0.09%"
"Nov 22, 2019","2.7050","2.7010","2.7010","2.7010","0.01K","0.71%"
"Nov 21, 2019","2.6860","2.6820","2.6820","2.6820","1.70K","-0.89%"
"Nov 20, 2019","2.7100","2.7060","2.7060","2.7060","2.52K","-0.26%"
"Nov 19, 2019","2.7170","2.7130","2.7130","2.7130","3.18K","1.34%"
"Nov 18, 2019","2.6810","2.6770","2.6770","2.6770","3.45K","-0.61%"
"Nov 15, 2019","2.6975","2.6935","2.6935","2.6935","1.78K","0.52%"
"Nov 14, 2019","2.6835","2.6795","2.6795","2.6795","2.91K","-0.56%"
"Nov 13, 2019","2.6985","2.7065","2.7065","2.7065","0.00K","-0.22%"
"Nov 12, 2019","2.7045","2.7005","2.7005","2.7005","1.51K","-0.55%"
"Nov 11, 2019","2.7195","2.7155","2.7155","2.7155","2.89K","-0.55%"
"Nov 08, 2019","2.7345","2.7635","2.7635","2.7490","0.00K","-1.49%"
"Nov 07, 2019","2.7760","2.7720","2.7720","2.7720","4.40K","2.21%"
"Nov 06, 2019","2.7160","2.7120","2.7120","2.7120","2.19K","-1.20%"
"Nov 05, 2019","2.7490","2.7450","2.7450","2.7450","1.15K","1.01%"
"Nov 04, 2019","2.7215","2.7175","2.7175","2.7175","2.66K","0.81%"
"Nov 01, 2019","2.6995","2.6955","2.6955","2.6955","1.43K","0.37%"
"Oct 31, 2019","2.6895","2.6855","2.6855","2.6855","0.02K","-1.65%"
"Oct 30, 2019","2.7345","2.7305","2.7305","2.7305","0.00K","-0.26%"
"Oct 29, 2019","2.7415","2.7375","2.7375","2.7375","0.38K","0.22%"
"Oct 28, 2019","2.7355","2.7315","2.7315","2.7315","0.20K","0.29%"
"Oct 25, 2019","2.7275","2.7235","2.7235","2.7235","0.30K","0.24%"
"Oct 24, 2019","2.7210","2.7170","2.7170","2.7170","0.25K","-0.09%"
"Oct 23, 2019","2.7235","2.7195","2.7195","2.7195","0.75K","1.13%"
"Oct 22, 2019","2.6930","2.7000","2.7000","2.7000","0.00K","-0.26%"
"Oct 21, 2019","2.7000","2.6960","2.6960","2.6960","0.48K","0.41%"
"Oct 18, 2019","2.6890","2.6850","2.6850","2.6850","0.49K","1.32%"
"Oct 17, 2019","2.6540","2.6500","2.6500","2.6500","0.74K","0.25%"
"Oct 16, 2019","2.6475","2.6435","2.6435","2.6435","0.59K","-0.82%"
"Oct 15, 2019","2.6695","2.6655","2.6655","2.6655","0.45K","-0.69%"
"Oct 14, 2019","2.6880","2.6840","2.6840","2.6840","0.56K","0.22%"
"Oct 11, 2019","2.6820","2.6780","2.6780","2.6780","1.74K","0.64%"
"Oct 10, 2019","2.6650","2.6610","2.6610","2.6610","0.59K","1.54%"
"Oct 09, 2019","2.6245","2.6205","2.6205","2.6205","0.00K","-0.13%"
"Oct 08, 2019","2.6280","2.6240","2.6240","2.6240","1.60K","-0.25%"
"Oct 07, 2019","2.6345","2.6305","2.6305","2.6305","1.87K","0.57%"
"Oct 04, 2019","2.6195","2.6160","2.6160","2.6160","0.45K","0.29%"
"Oct 03, 2019","2.6120","2.6080","2.6080","2.6080","0.58K","-0.61%"
"Oct 02, 2019","2.6280","2.6250","2.6250","2.6250","0.97K","0.21%"
"Oct 01, 2019","2.6225","2.6195","2.6195","2.6195","0.99K","-0.70%"
"Sep 30, 2019","2.6410","2.6370","2.6370","2.6370","0.70K","-0.70%"
"Sep 27, 2019","2.6595","2.6555","2.6555","2.6555","0.30K","0.76%"
"Sep 26, 2019","2.6395","2.6355","2.6355","2.6355","0.45K","-1.18%"
"Sep 25, 2019","2.6710","2.6670","2.6670","2.6670","0.45K","0.21%"
"Sep 24, 2019","2.6655","2.6615","2.6615","2.6615","0.22K","-0.24%"
"Sep 23, 2019","2.6720","2.6680","2.6680","2.6680","0.24K","0.15%"
"Sep 20, 2019","2.6680","2.6640","2.6640","2.6640","0.38K","-0.15%"
"Sep 19, 2019","2.6720","2.6680","2.6680","2.6680","0.37K","-0.15%"
"Sep 18, 2019","2.6760","2.6720","2.6720","2.6720","0.30K","-0.59%"
"Sep 17, 2019","2.6920","2.6880","2.6880","2.6880","0.39K","-0.61%"
"Sep 16, 2019","2.7085","2.7045","2.7045","2.7045","0.00K","-1.79%"
"Sep 13, 2019","2.7580","2.7540","2.7540","2.7540","0.80K","2.13%"
"Sep 12, 2019","2.7005","2.6965","2.6965","2.6965","0.71K","0.90%"
"Sep 11, 2019","2.6765","2.6725","2.6725","2.6725","0.61K","-0.35%"
"Sep 10, 2019","2.6860","2.6820","2.6820","2.6820","0.21K","0.04%"
"Sep 09, 2019","2.6850","2.6810","2.6810","2.6810","0.16K","-0.33%"
"Sep 06, 2019","2.6940","2.6900","2.6900","2.6900","0.58K","-0.31%"
"Sep 05, 2019","2.7025","2.6985","2.6985","2.6985","0.22K","1.85%"
"Sep 04, 2019","2.6535","2.6495","2.6495","2.6495","0.39K","2.51%"
"Sep 03, 2019","2.5885","2.5845","2.5845","2.5845","0.62K","2.23%"
"Sep 02, 2019","2.5320","2.5520","2.5670","2.5280","-","-0.78%"
"Sep 01, 2019","2.5520","2.5570","2.5570","2.5470","-","-2.30%"
"Aug 30, 2019","2.6120","2.6080","2.6080","2.6080","0.39K","-0.91%"
"Aug 29, 2019","2.6360","2.6320","2.6320","2.6320","0.67K","0.44%"
"Aug 28, 2019","2.6245","2.6205","2.6205","2.6205","0.25K","0.40%"
"Aug 27, 2019","2.6140","2.6100","2.6100","2.6100","0.49K","0.06%"
"Aug 26, 2019","2.6125","2.6085","2.6085","2.6085","0.13K","0.46%"
"Aug 23, 2019","2.6005","2.5965","2.5965","2.5965","0.16K","-1.14%"
"Aug 22, 2019","2.6305","2.6265","2.6265","2.6265","0.19K","-0.87%"
"Aug 21, 2019","2.6535","2.6495","2.6495","2.6495","0.60K","0.26%"
"Aug 20, 2019","2.6465","2.6425","2.6425","2.6425","0.55K","-0.88%"
"Aug 19, 2019","2.6700","2.6660","2.6660","2.6660","0.17K","0.23%"
"Aug 16, 2019","2.6640","2.6600","2.6600","2.6600","0.34K","-0.06%"
"Aug 15, 2019","2.6655","2.6615","2.6615","2.6615","1.97K","0.17%"
"Aug 14, 2019","2.6610","2.6570","2.6570","2.6570","0.14K","-1.41%"
"Aug 13, 2019","2.6990","2.6950","2.6950","2.6950","0.32K","1.64%"
"Aug 12, 2019","2.6555","2.6515","2.6515","2.6515","0.09K","-0.13%"
"Aug 09, 2019","2.6590","2.6550","2.6550","2.6550","0.23K","-0.67%"
"Aug 08, 2019","2.6770","2.6730","2.6730","2.6730","0.20K","1.23%"
"Aug 07, 2019","2.6445","2.6405","2.6405","2.6405","0.11K","0.51%"
"Aug 06, 2019","2.6310","2.6270","2.6270","2.6270","0.29K","0.44%"
"Aug 05, 2019","2.6195","2.6155","2.6155","2.6155","0.13K","-1.00%"
"Aug 02, 2019","2.6460","2.6420","2.6420","2.6420","0.18K","-3.40%"
"Aug 01, 2019","2.7390","2.7350","2.7350","2.7350","0.08K","0.02%"
"Jul 31, 2019","2.7385","2.7345","2.7345","2.7345","0.21K","-0.35%"
"Jul 30, 2019","2.7480","2.7440","2.7440","2.7440","0.23K","-1.29%"
"Jul 29, 2019","2.7840","2.7800","2.7800","2.7800","0.09K","1.03%"
"Jul 26, 2019","2.7555","2.7515","2.7515","2.7515","0.09K","-0.68%"
"Jul 25, 2019","2.7745","2.7705","2.7705","2.7705","0.07K","-0.20%"
"Jul 24, 2019","2.7800","2.7760","2.7760","2.7760","0.04K","0.52%"
"Jul 23, 2019","2.7655","2.7615","2.7615","2.7615","0.06K","-0.95%"
"Jul 22, 2019","2.7920","2.7880","2.7880","2.7880","0.28K","-0.82%"
"Jul 19, 2019","2.8150","2.8110","2.8110","2.8110","0.34K","1.61%"
"Jul 18, 2019","2.7705","2.7665","2.7665","2.7665","0.19K","-0.25%"
"Jul 17, 2019","2.7775","2.7735","2.7735","2.7735","0.12K","0.52%"
"Jul 16, 2019","2.7630","2.7590","2.7590","2.7590","0.09K","-0.40%"
"Jul 15, 2019","2.7740","2.7700","2.7700","2.7700","0.18K","0.47%"
"Jul 12, 2019","2.7610","2.7570","2.7570","2.7570","0.11K","0.22%"
"Jul 11, 2019","2.7550","2.7510","2.7510","2.7510","0.31K","-0.13%"
"Jul 10, 2019","2.7585","2.7545","2.7545","2.7545","0.12K","2.41%"
"Jul 09, 2019","2.6935","2.6895","2.6895","2.6895","0.14K","-1.28%"
"Jul 08, 2019","2.7285","2.7245","2.7245","2.7245","0.57K","0.00%"
"Jul 05, 2019","2.7285","2.7245","2.7245","2.7245","0.18K","1.81%"
"Jul 04, 2019","2.6800","2.6850","2.6870","2.6700","-","-2.35%"
"Jul 03, 2019","2.7445","2.7405","2.7405","2.7405","0.12K","0.40%"
"Jul 02, 2019","2.7335","2.7295","2.7295","2.7295","0.47K","-0.71%"
"Jul 01, 2019","2.7530","2.7490","2.7490","2.7490","0.33K","-0.88%"
"Jun 28, 2019","2.7775","2.7740","2.7740","2.7740","0.22K","-0.02%"
"Jun 27, 2019","2.7780","2.7745","2.7745","2.7745","0.11K","0.02%"
"Jun 26, 2019","2.7775","2.7740","2.7740","2.7740","0.44K","-0.52%"
"Jun 25, 2019","2.7920","2.7890","2.7890","2.7890","0.17K","1.20%"
"Jun 24, 2019","2.7590","2.7560","2.7560","2.7560","0.06K","0.11%"
"Jun 21, 2019","2.7560","2.7520","2.7520","2.7520","0.06K","0.04%"
"Jun 20, 2019","2.7550","2.7510","2.7510","2.7510","0.06K","1.16%"
"Jun 19, 2019","2.7235","2.7195","2.7195","2.7195","0.09K","-0.58%"
"Jun 18, 2019","2.7395","2.7355","2.7355","2.7355","0.09K","1.90%"
"Jun 17, 2019","2.6885","2.6845","2.6845","2.6845","0.11K","0.24%"
"Jun 14, 2019","2.6820","2.6780","2.6780","2.6780","0.06K","-1.12%"
"Jun 13, 2019","2.7125","2.7085","2.7085","2.7085","0.03K","0.00%"
"Jun 12, 2019","2.7125","2.7085","2.7085","2.7085","0.04K","-0.62%"
"Jun 11, 2019","2.7295","2.7255","2.7255","2.7255","0.03K","0.50%"
"Jun 10, 2019","2.7160","2.7120","2.7120","2.7120","0.05K","1.23%"
"Jun 07, 2019","2.6830","2.6790","2.6790","2.6790","0.08K","-0.94%"
"Jun 06, 2019","2.7085","2.7045","2.7045","2.7045","0.05K","0.95%"
"Jun 05, 2019","2.6830","2.6790","2.6790","2.6790","0.03K","-1.65%"
"Jun 04, 2019","2.7280","2.7240","2.7240","2.7240","0.04K","0.70%"
"Jun 03, 2019","2.7090","2.7050","2.7050","2.7050","0.04K","0.52%"
"May 31, 2019","2.6950","2.6910","2.6910","2.6910","0.11K","-0.94%"
"May 30, 2019","2.7205","2.7180","2.7180","2.7180","0.05K","-0.48%"
"May 29, 2019","2.7335","2.7310","2.7310","2.7310","0.06K","-0.91%"
"May 28, 2019","2.7585","2.7560","2.7560","2.7560","0.11K","1.68%"
"May 27, 2019","2.7130","2.7000","2.7170","2.6960","-","0.44%"
"May 26, 2019","2.7010","2.6990","2.7030","2.6950","-","-2.30%"
"May 24, 2019","2.7645","2.7625","2.7625","2.7625","0.01K","0.60%"
"May 23, 2019","2.7480","2.7460","2.7460","2.7460","0.01K","-0.07%"
"May 22, 2019","2.7500","2.7480","2.7480","2.7480","0.26K","-1.04%"
"May 21, 2019","2.7790","2.7800","2.7800","2.7800","0.16K","-0.14%"
"May 20, 2019","2.7830","2.7840","2.7840","2.7840","0.02K","-0.52%"
"May 17, 2019","2.7975","2.7985","2.7985","2.7985","0.00K","-0.30%"
"May 16, 2019","2.8060","2.8070","2.8070","2.8070","0.02K","0.36%"
"May 15, 2019","2.7960","2.7970","2.7970","2.7970","0.03K","0.29%"
"May 14, 2019","2.7880","2.7890","2.7890","2.7890","0.03K","0.23%"
"May 13, 2019","2.7815","2.7825","2.7825","2.7825","0.02K","-1.89%"
"May 10, 2019","2.8350","2.8360","2.8360","2.8360","0.03K","0.12%"
"May 09, 2019","2.8315","2.8325","2.8325","2.8325","0.09K","-0.26%"
"May 08, 2019","2.8390","2.8400","2.8400","2.8400","0.06K","-0.65%"
"May 07, 2019","2.8575","2.8555","2.8555","2.8555","0.28K","-1.45%"
"May 06, 2019","2.8995","2.8975","2.8975","2.8975","0.04K","0.61%"
"May 03, 2019","2.8820","2.8800","2.8800","2.8800","0.18K","1.23%"
"May 02, 2019","2.8470","2.8450","2.8450","2.8450","0.10K","-0.99%"
"May 01, 2019","2.8755","2.8745","2.8745","2.8745","0.23K","-3.25%"
"Apr 30, 2019","2.9720","2.9715","2.9715","2.9715","0.03K","0.25%"
"Apr 29, 2019","2.9645","2.9640","2.9640","2.9640","0.03K","0.25%"
"Apr 26, 2019","2.9570","2.9565","2.9565","2.9565","0.03K","0.97%"
"Apr 25, 2019","2.9285","2.9280","2.9280","2.9280","0.03K","-1.50%"
"Apr 24, 2019","2.9730","2.9725","2.9725","2.9725","0.02K","0.44%"
"Apr 23, 2019","2.9600","2.9595","2.9595","2.9595","0.05K","-0.19%"
"Apr 22, 2019","2.9655","2.9650","2.9650","2.9650","0.06K","1.63%"
"Apr 19, 2019","2.9180","2.9180","2.9180","2.9180","-","-2.15%"
"Apr 18, 2019","2.9820","2.9815","2.9815","2.9815","0.09K","-1.45%"
"Apr 17, 2019","3.0260","3.0255","3.0255","3.0255","0.03K","0.97%"
"Apr 16, 2019","2.9970","2.9965","2.9965","2.9965","0.03K","-0.13%"
"Apr 15, 2019","3.0010","3.0005","3.0005","3.0005","0.04K","-0.13%"
"Apr 12, 2019","3.0050","3.0045","3.0045","3.0045","0.01K","1.69%"
"Apr 11, 2019","2.9550","2.9545","2.9545","2.9545","0.00K","-1.24%"
"Apr 10, 2019","2.9920","2.9915","2.9915","2.9915","0.03K","-0.07%"
"Apr 09, 2019","2.9940","2.9935","2.9935","2.9935","0.04K","0.22%"
"Apr 08, 2019","2.9875","2.9870","2.9870","2.9870","0.04K","1.43%"
"Apr 05, 2019","2.9455","2.9450","2.9450","2.9450","0.02K","-0.37%"
"Apr 04, 2019","2.9565","2.9560","2.9560","2.9560","0.07K","-1.17%"
"Apr 03, 2019","2.9915","2.9910","2.9910","2.9910","0.01K","1.30%"
"Apr 02, 2019","2.9530","2.9525","2.9525","2.9525","0.01K","-0.44%"
"Apr 01, 2019","2.9660","2.9655","2.9655","2.9655","0.03K","-0.30%"
"Mar 29, 2019","2.9750","2.9745","2.9745","2.9745","0.01K","2.01%"
"Mar 28, 2019","2.9165","2.9160","2.9160","2.9160","0.12K","0.33%"
"Mar 27, 2019","2.9070","2.9065","2.9065","2.9065","0.01K","0.21%"
"Mar 26, 2019","2.9010","2.9005","2.9005","2.9005","0.08K","-0.34%"
"Mar 25, 2019","2.9110","2.9105","2.9105","2.9105","0.00K","0.48%"
"Mar 22, 2019","2.8970","2.8965","2.8965","2.8965","0.01K","-1.98%"
"Mar 21, 2019","2.9555","2.9550","2.9550","2.9550","0.02K","-0.47%"
"Mar 20, 2019","2.9695","2.9690","2.9690","2.9690","0.09K","0.10%"
"Mar 19, 2019","2.9665","2.9660","2.9660","2.9660","0.00K","0.47%"
"Mar 18, 2019","2.9525","2.9520","2.9520","2.9520","0.05K","0.14%"
"Mar 15, 2019","2.9485","2.9480","2.9480","2.9480","0.03K","0.70%"
"Mar 14, 2019","2.9280","2.9275","2.9275","2.9275","0.10K","-1.36%"
"Mar 13, 2019","2.9685","2.9680","2.9680","2.9680","0.11K","0.19%"
"Mar 12, 2019","2.9630","2.9625","2.9625","2.9625","0.03K","0.94%"
"Mar 11, 2019","2.9355","2.9350","2.9350","2.9350","0.19K","0.19%"
"Mar 08, 2019","2.9300","2.9295","2.9295","2.9295","0.08K","-0.69%"
"Mar 07, 2019","2.9505","2.9500","2.9500","2.9500","0.07K","-0.19%"
"Mar 06, 2019","2.9560","2.9555","2.9555","2.9555","0.11K","-0.34%"
"Mar 05, 2019","2.9660","2.9655","2.9655","2.9655","0.03K","0.73%"
"Mar 04, 2019","2.9445","2.9440","2.9440","2.9440","0.07K","-0.66%"
"Mar 01, 2019","2.9640","2.9635","2.9635","2.9635","0.00K","-0.57%"
"Feb 28, 2019","2.9810","2.9805","2.9805","2.9805","0.19K","-0.37%"
"Feb 27, 2019","2.9920","2.9915","2.9915","2.9915","0.52K","0.42%"
"Feb 26, 2019","2.9795","2.9790","2.9790","2.9790","0.21K","0.25%"
"Feb 25, 2019","2.9720","2.9715","2.9715","2.9715","0.01K","0.02%"
"Feb 22, 2019","2.9715","2.9710","2.9710","2.9710","0.00K","1.40%"
"Feb 21, 2019","2.9305","2.9300","2.9300","2.9300","0.00K","-0.41%"
"Feb 20, 2019","2.9425","2.9420","2.9420","2.9420","0.02K","1.17%"
"Feb 19, 2019","2.9085","2.9080","2.9080","2.9080","0.03K","2.48%"
"Feb 18, 2019","2.8380","2.8160","2.8480","2.8030","-","0.78%"
"Feb 17, 2019","2.8160","2.8150","2.8170","2.8110","-","-0.90%"
"Feb 15, 2019","2.8415","2.8410","2.8410","2.8410","0.00K","0.82%"
"Feb 14, 2019","2.8185","2.8180","2.8180","2.8180","0.01K","0.27%"
"Feb 13, 2019","2.8110","2.8105","2.8105","2.8105","0.04K","-0.12%"
"Feb 12, 2019","2.8145","2.8140","2.8140","2.8140","0.01K","-0.64%"
"Feb 11, 2019","2.8325","2.8320","2.8320","2.8320","0.31K","-1.01%"
"Feb 08, 2019","2.8615","2.8610","2.8610","2.8610","0.01K","-0.52%"
"Feb 07, 2019","2.8765","2.8760","2.8760","2.8760","0.03K","0.00%"
"Feb 06, 2019","2.8765","2.8760","2.8760","2.8760","0.23K","0.47%"
"Feb 05, 2019","2.8630","2.8625","2.8625","2.8625","0.06K","0.77%"
"Feb 04, 2019","2.8410","2.8405","2.8405","2.8405","0.01K","0.58%"
"Feb 01, 2019","2.8245","2.8240","2.8240","2.8240","0.02K","-0.35%"
"Jan 31, 2019","2.8345","2.8340","2.8340","2.8340","0.01K","0.51%"
"Jan 30, 2019","2.8200","2.8195","2.8195","2.8195","0.04K","1.42%"
"Jan 29, 2019","2.7805","2.7800","2.7800","2.7800","0.01K","1.53%"
"Jan 28, 2019","2.7385","2.7380","2.7380","2.7380","0.07K","-1.51%"
"Jan 25, 2019","2.7805","2.7800","2.7800","2.7800","0.02K","2.60%"
"Jan 24, 2019","2.7100","2.7095","2.7095","2.7095","0.01K","-0.37%"
"Jan 23, 2019","2.7200","2.7195","2.7195","2.7195","0.01K","0.00%"
"Jan 22, 2019","2.7200","2.7195","2.7195","2.7195","0.02K","1.42%"
"Jan 21, 2019","2.6820","2.7090","2.7100","2.6750","-","-1.00%"
"Jan 20, 2019","2.7090","2.7120","2.7160","2.7090","-","-1.97%"
"Jan 18, 2019","2.7635","2.7630","2.7630","2.7630","0.01K","1.08%"
"Jan 17, 2019","2.7340","2.7335","2.7335","2.7335","0.00K","0.53%"
"Jan 16, 2019","2.7195","2.7190","2.7190","2.7190","0.01K","1.06%"
"Jan 15, 2019","2.6910","2.6905","2.6905","2.6905","0.01K","-0.48%"
"Jan 14, 2019","2.7040","2.7035","2.7035","2.7035","0.02K","-1.01%"
"Jan 11, 2019","2.7315","2.7310","2.7310","2.7310","0.01K","0.94%"
"Jan 10, 2019","2.7060","2.7055","2.7055","2.7055","0.02K","-0.68%"
"Jan 09, 2019","2.7245","2.7240","2.7240","2.7240","0.05K","0.09%"
"Jan 08, 2019","2.7220","2.7215","2.7215","2.7215","0.04K","0.93%"
"Jan 07, 2019","2.6970","2.6965","2.6965","2.6965","0.00K","-0.42%"
"Jan 04, 2019","2.7085","2.7080","2.7080","2.7080","0.05K","2.73%"
"Jan 03, 2019","2.6365","2.6360","2.6360","2.6360","0.00K","-1.57%"
"Jan 02, 2019","2.6785","2.6780","2.6780","2.6780","0.01K","1.00%"
"Jan 01, 2019","2.6520","2.6430","2.6540","2.6380","-","-0.86%"
"Dec 31, 2018","2.6750","2.6745","2.6745","2.6745","0.04K","-1.44%"
"Dec 28, 2018","2.7140","2.7135","2.7135","2.7135","0.01K","-0.35%"
"Dec 27, 2018","2.7235","2.7230","2.7230","2.7230","0.02K","-0.55%"
"Dec 26, 2018","2.7385","2.7380","2.7380","2.7380","0.02K","2.91%"
"Dec 25, 2018","2.6610","2.6640","2.6710","2.6490","-","-1.35%"
"Dec 24, 2018","2.6975","2.6970","2.6970","2.6970","0.20K","-0.26%"
"Dec 21, 2018","2.7045","2.7040","2.7040","2.7040","0.00K","-0.99%"
"Dec 20, 2018","2.7315","2.7310","2.7310","2.7310","0.02K","-0.44%"
"Dec 19, 2018","2.7435","2.7430","2.7430","2.7430","0.02K","1.71%"
"Dec 18, 2018","2.6975","2.6970","2.6970","2.6970","0.03K","-3.32%"
"Dec 17, 2018","2.7900","2.7895","2.7895","2.7895","0.01K","-0.04%"
"Dec 14, 2018","2.7910","2.7905","2.7905","2.7905","0.01K","0.27%"
"Dec 13, 2018","2.7835","2.7830","2.7830","2.7830","0.02K","-0.05%"
"Dec 12, 2018","2.7850","2.7845","2.7845","2.7845","0.01K","-0.32%"
"Dec 11, 2018","2.7940","2.7935","2.7935","2.7935","0.16K","0.98%"
"Dec 10, 2018","2.7670","2.7665","2.7665","2.7665","0.01K","-1.25%"
"Dec 07, 2018","2.8020","2.8015","2.8015","2.8015","0.01K","0.25%"
"Dec 06, 2018","2.7950","2.7945","2.7945","2.7945","0.02K","-1.10%"
"Dec 05, 2018","2.8260","2.8255","2.8255","2.8255","0.00K","0.28%"
"Dec 04, 2018","2.8180","2.8175","2.8175","2.8175","0.01K","-1.04%"
"Dec 03, 2018","2.8475","2.8470","2.8470","2.8470","0.00K","0.99%"
"Nov 30, 2018","2.8195","2.8190","2.8190","2.8190","0.00K","-0.27%"
"Nov 29, 2018","2.8270","2.8265","2.8265","2.8265","0.15K","-0.56%"
"Nov 28, 2018","2.8430","2.8425","2.8425","2.8425","0.01K","2.82%"
"Nov 27, 2018","2.7650","2.7645","2.7645","2.7645","0.01K","-1.44%"
"Nov 26, 2018","2.8055","2.8050","2.8050","2.8050","0.02K","-0.25%"
"Nov 23, 2018","2.8125","2.8120","2.8120","2.8120","0.01K","0.52%"
"Nov 22, 2018","2.7980","2.7830","2.8010","2.7720","-","-0.67%"
"Nov 21, 2018","2.8170","2.8165","2.8165","2.8165","0.22K","0.88%"
"Nov 20, 2018","2.7925","2.7920","2.7920","2.7920","0.05K","-0.45%"
"Nov 19, 2018","2.8050","2.8045","2.8045","2.8045","0.01K","-1.11%"
"Nov 16, 2018","2.8365","2.8360","2.8360","2.8360","0.03K","0.66%"
"Nov 15, 2018","2.8180","2.8175","2.8175","2.8175","0.00K","0.93%"
"Nov 14, 2018","2.7920","2.7915","2.7915","2.7915","0.32K","0.54%"
"Nov 13, 2018","2.7770","2.7765","2.7765","2.7765","0.02K","0.62%"
"Nov 12, 2018","2.7600","2.7595","2.7595","2.7595","1.07K","-0.22%"
"Nov 09, 2018","2.7660","2.7655","2.7655","2.7655","0.00K","-2.14%"
"Nov 08, 2018","2.8265","2.8260","2.8260","2.8260","0.01K","-0.56%"
"Nov 07, 2018","2.8425","2.8420","2.8420","2.8420","0.00K","0.74%"
"Nov 06, 2018","2.8215","2.8210","2.8210","2.8210","0.01K","-0.83%"
"Nov 05, 2018","2.8450","2.8445","2.8445","2.8445","0.05K","-1.57%"
"Nov 02, 2018","2.8905","2.8900","2.8900","2.8900","0.01K","2.83%"
"Nov 01, 2018","2.8110","2.8105","2.8105","2.8105","0.13K","2.18%"
"Oct 31, 2018","2.7510","2.7505","2.7505","2.7505","0.01K","-0.24%"
"Oct 30, 2018","2.7575","2.7570","2.7570","2.7570","0.18K","-2.70%"
"Oct 29, 2018","2.8340","2.8335","2.8335","2.8335","0.00K","0.16%"
"Oct 26, 2018","2.8295","2.8290","2.8290","2.8290","0.08K","-0.74%"
"Oct 25, 2018","2.8505","2.8500","2.8500","2.8500","0.01K","-0.18%"
"Oct 24, 2018","2.8555","2.8550","2.8550","2.8550","0.03K","-0.07%"
"Oct 23, 2018","2.8575","2.8570","2.8570","2.8570","0.03K","-0.64%"
"Oct 22, 2018","2.8760","2.8755","2.8755","2.8755","0.00K","0.24%"
"Oct 19, 2018","2.8690","2.8685","2.8685","2.8685","0.10K","0.95%"
"Oct 18, 2018","2.8420","2.8415","2.8415","2.8415","0.00K","-0.80%"
"Oct 17, 2018","2.8650","2.8645","2.8645","2.8645","0.01K","-0.14%"
"Oct 16, 2018","2.8690","2.8685","2.8685","2.8685","0.01K","0.03%"
"Oct 15, 2018","2.8680","2.8675","2.8675","2.8675","0.02K","-0.21%"
"Oct 12, 2018","2.8740","2.8735","2.8735","2.8735","0.01K","-0.12%"
"Oct 11, 2018","2.8775","2.8770","2.8770","2.8770","0.00K","0.81%"
"Oct 10, 2018","2.8545","2.8540","2.8540","2.8540","0.01K","-1.13%"
"Oct 09, 2018","2.8870","2.8865","2.8865","2.8865","0.01K","1.10%"
"Oct 08, 2018","2.8555","2.8550","2.8550","2.8550","0.34K","0.11%"
"Oct 05, 2018","2.8525","2.8520","2.8520","2.8520","0.02K","-0.30%"
"Oct 04, 2018","2.8610","2.8605","2.8605","2.8605","0.28K","-1.92%"
"Oct 03, 2018","2.9170","2.9165","2.9165","2.9165","0.00K","1.23%"
"Oct 02, 2018","2.8815","2.8810","2.8810","2.8810","0.00K","0.42%"
"Oct 01, 2018","2.8695","2.8690","2.8690","2.8690","0.01K","-0.36%"
"Sep 28, 2018","2.8800","2.8795","2.8795","2.8795","0.05K","0.63%"
"Sep 27, 2018","2.8620","2.8615","2.8615","2.8615","1.52K","-1.55%"
"Sep 26, 2018","2.9070","2.9065","2.9065","2.9065","0.01K","0.47%"
"Sep 25, 2018","2.8935","2.8930","2.8930","2.8930","0.01K","-0.72%"
"Sep 24, 2018","2.9145","2.9140","2.9140","2.9140","0.02K","-0.50%"
"Sep 21, 2018","2.9290","2.9285","2.9285","2.9285","0.01K","3.79%"
"Sep 20, 2018","2.8220","2.8215","2.8215","2.8215","0.01K","0.12%"
"Sep 19, 2018","2.8185","2.8180","2.8180","2.8180","0.01K","-0.02%"
"Sep 18, 2018","2.8190","2.8185","2.8185","2.8185","0.03K","2.32%"
"Sep 17, 2018","2.7550","2.7545","2.7545","2.7545","0.01K","0.24%"
"Sep 14, 2018","2.7485","2.7480","2.7480","2.7480","0.36K","-1.29%"
"Sep 13, 2018","2.7845","2.7840","2.7840","2.7840","0.16K","0.36%"
"Sep 12, 2018","2.7745","2.7740","2.7740","2.7740","0.04K","2.00%"
"Sep 11, 2018","2.7200","2.7195","2.7195","2.7195","0.05K","-0.53%"
"Sep 10, 2018","2.7345","2.7340","2.7340","2.7340","0.02K","0.16%"
"Sep 07, 2018","2.7300","2.7295","2.7295","2.7295","0.05K","-0.69%"
"Sep 06, 2018","2.7490","2.7485","2.7485","2.7485","0.01K","1.07%"
"Sep 05, 2018","2.7200","2.7195","2.7195","2.7195","0.02K","0.09%"
"Sep 04, 2018","2.7175","2.7170","2.7170","2.7170","0.03K","-2.23%"
"Aug 31, 2018","2.7795","2.7790","2.7790","2.7790","0.00K","-1.58%"
"Aug 30, 2018","2.8240","2.8235","2.8235","2.8235","0.12K","-0.84%"
"Aug 29, 2018","2.8480","2.8475","2.8475","2.8475","0.01K","-0.52%"
"Aug 28, 2018","2.8630","2.8625","2.8625","2.8625","0.01K","0.77%"
"Aug 27, 2018","2.8410","2.8405","2.8405","2.8405","0.01K","0.30%"
"Aug 24, 2018","2.8325","2.8320","2.8320","2.8320","0.01K","1.43%"
"Aug 23, 2018","2.7925","2.7920","2.7920","2.7920","0.05K","-0.52%"
"Aug 22, 2018","2.8070","2.8065","2.8065","2.8065","0.03K","-0.39%"
"Aug 21, 2018","2.8180","2.8175","2.8175","2.8175","0.01K","0.77%"
"Aug 20, 2018","2.7965","2.7960","2.7960","2.7960","0.03K","1.40%"
"Aug 17, 2018","2.7580","2.7575","2.7575","2.7575","0.04K","0.53%"
"Aug 16, 2018","2.7435","2.7430","2.7430","2.7430","0.09K","1.71%"
"Aug 15, 2018","2.6975","2.6970","2.6970","2.6970","0.03K","-4.28%"
"Aug 14, 2018","2.8180","2.8175","2.8175","2.8175","0.02K","-1.59%"
"Aug 13, 2018","2.8635","2.8630","2.8630","2.8630","0.01K","-0.40%"
"Aug 10, 2018","2.8750","2.8745","2.8745","2.8745","0.01K","-0.81%"
"Aug 09, 2018","2.8985","2.8980","2.8980","2.8980","28.11K","0.56%"
"Aug 08, 2018","2.8825","2.8820","2.8820","2.8820","0.02K","-0.19%"
"Aug 07, 2018","2.8880","2.8875","2.8875","2.8875","0.01K","0.64%"
"Aug 06, 2018","2.8695","2.8690","2.8690","2.8690","0.02K","-1.10%"
"Aug 03, 2018","2.9015","2.9010","2.9010","2.9010","0.03K","0.92%"
"Aug 02, 2018","2.8750","2.8745","2.8745","2.8745","0.02K","-0.23%"
"Aug 01, 2018","2.8815","2.8810","2.8810","2.8810","0.01K","-2.52%"
"Jul 31, 2018","2.9560","2.9555","2.9555","2.9555","0.03K","1.18%"
"Jul 30, 2018","2.9215","2.9210","2.9210","2.9210","0.00K","-0.10%"
"Jul 27, 2018","2.9245","2.9240","2.9240","2.9240","0.01K","-0.44%"
"Jul 26, 2018","2.9375","2.9370","2.9370","2.9370","0.01K","-0.05%"
"Jul 25, 2018","2.9390","2.9385","2.9385","2.9385","0.01K","0.36%"
"Jul 24, 2018","2.9285","2.9280","2.9280","2.9280","0.05K","2.25%"
"Jul 23, 2018","2.8640","2.8635","2.8635","2.8635","0.78K","-0.42%"
"Jul 20, 2018","2.8760","2.8755","2.8755","2.8755","0.60K","2.02%"
"Jul 19, 2018","2.8190","2.8185","2.8185","2.8185","0.07K","-2.27%"
"Jul 18, 2018","2.8845","2.8840","2.8840","2.8840","0.00K","0.26%"
"Jul 17, 2018","2.8770","2.8765","2.8765","2.8765","0.01K","-0.43%"
"Jul 16, 2018","2.8895","2.8890","2.8890","2.8890","0.05K","-0.62%"
"Jul 13, 2018","2.9075","2.9070","2.9070","2.9070","0.02K","0.02%"
"Jul 12, 2018","2.9070","2.9065","2.9065","2.9065","0.00K","1.25%"
"Jul 11, 2018","2.8710","2.8705","2.8705","2.8705","0.01K","-3.14%"
"Jul 10, 2018","2.9640","2.9635","2.9635","2.9635","0.00K","-0.13%"
"Jul 09, 2018","2.9680","2.9675","2.9675","2.9675","0.03K","0.83%"
"Jul 06, 2018","2.9435","2.9430","2.9430","2.9430","0.00K","0.03%"
"Jul 05, 2018","2.9425","2.9420","2.9420","2.9420","1.05K","-2.94%"
"Jul 03, 2018","3.0315","3.0310","3.0310","3.0310","0.00K","-0.75%"
"Jul 02, 2018","3.0545","3.0540","3.0540","3.0540","1.74K","-0.63%"
"Jun 29, 2018","3.0740","3.0735","3.0735","3.0735","0.04K","-0.15%"
"Jun 28, 2018","3.0785","3.0780","3.0780","3.0780","0.03K","-1.31%"
"Jun 27, 2018","3.1195","3.1190","3.1190","3.1190","0.01K","-0.24%"
"Jun 26, 2018","3.1270","3.1265","3.1265","3.1265","0.01K","0.08%"
"Jun 25, 2018","3.1245","3.1240","3.1240","3.1240","0.00K","-0.95%"
"Jun 22, 2018","3.1545","3.1540","3.1540","3.1540","0.02K","0.21%"
"Jun 21, 2018","3.1480","3.1475","3.1475","3.1475","0.02K","-0.77%"
"Jun 20, 2018","3.1725","3.1720","3.1720","3.1720","0.38K","-0.33%"
"Jun 19, 2018","3.1830","3.1825","3.1825","3.1825","0.00K","-1.73%"
"Jun 18, 2018","3.2390","3.2385","3.2385","3.2385","0.01K","-1.05%"
"Jun 15, 2018","3.2735","3.2730","3.2730","3.2730","0.02K","-2.17%"
"Jun 14, 2018","3.3460","3.3455","3.3455","3.3455","0.01K","-0.93%"
"Jun 13, 2018","3.3775","3.3770","3.3770","3.3770","0.55K","0.13%"
"Jun 12, 2018","3.3730","3.3725","3.3725","3.3725","0.00K","0.01%"
"Jun 11, 2018","3.3725","3.3720","3.3720","3.3720","0.02K","-1.26%"
"Jun 08, 2018","3.4155","3.4150","3.4150","3.4150","0.03K","0.80%"
"Jun 07, 2018","3.3885","3.3880","3.3880","3.3880","0.06K","0.18%"
"Jun 06, 2018","3.3825","3.3820","3.3820","3.3820","0.58K","1.78%"
"Jun 05, 2018","3.3235","3.3230","3.3230","3.3230","0.01K","1.99%"
"Jun 04, 2018","3.2585","3.2580","3.2580","3.2580","0.02K","0.88%"
"Jun 01, 2018","3.2300","3.2295","3.2295","3.2295","0.01K","1.13%"
"May 31, 2018","3.1940","3.1935","3.1935","3.1935","0.00K","0.00%"
"May 30, 2018","3.1940","3.1935","3.1935","3.1935","0.01K","0.11%"
"May 29, 2018","3.1905","3.1900","3.1900","3.1900","0.52K","-0.48%"
"May 25, 2018","3.2060","3.2055","3.2055","3.2055","0.40K","-0.43%"
"May 24, 2018","3.2200","3.2195","3.2195","3.2195","0.78K","0.77%"
"May 23, 2018","3.1955","3.1950","3.1950","3.1950","0.75K","-1.83%"
"May 22, 2018","3.2550","3.2545","3.2545","3.2545","0.01K","0.84%"
"May 21, 2018","3.2280","3.2275","3.2275","3.2275","0.49K","1.13%"
"May 18, 2018","3.1920","3.1915","3.1915","3.1915","0.39K","-0.75%"
"May 17, 2018","3.2160","3.2155","3.2155","3.2155","0.71K","0.70%"
"May 16, 2018","3.1935","3.1930","3.1930","3.1930","0.69K","0.27%"
"May 15, 2018","3.1850","3.1845","3.1845","3.1845","1.00K","-1.10%"
"May 14, 2018","3.2205","3.2200","3.2200","3.2200","0.70K","-0.68%"
"May 11, 2018","3.2425","3.2420","3.2420","3.2420","0.49K","0.08%"
"May 10, 2018","3.2400","3.2395","3.2395","3.2395","0.76K","1.31%"
"May 09, 2018","3.1980","3.1975","3.1975","3.1975","0.51K","0.00%"
"May 08, 2018","3.1980","3.1975","3.1975","3.1975","0.00K","-0.58%"
"May 07, 2018","3.2165","3.2160","3.2160","3.2160","0.04K","0.02%"