Date,Close/Last,Volume,Open,High,Low
06/04/2021,819.327,--,811.6059,825.9917,811.2008
06/03/2021,805.206,--,815.6117,825.3984,803.2255
06/02/2021,822.1224,--,823.8506,828.3979,815.5871
06/01/2021,826.1233,--,824.301,836.7152,815.9966
05/28/2021,817.1108,--,823.6997,831.6728,815.7103
05/27/2021,819.3877,--,811.0973,819.859,803.6089
05/26/2021,808.799,--,786.7128,810.5926,786.2163
05/25/2021,784.0704,--,793.3221,797.4859,781.6257
05/24/2021,788.7419,--,787.7313,794.7306,778.9574
05/21/2021,784.5158,--,787.813,791.9593,777.6069
05/20/2021,780.7431,--,766.8871,783.5948,766.8871
05/19/2021,759.0165,--,731.3472,759.1594,729.0007
05/18/2021,748.4021,--,740.0362,759.8379,733.882
05/17/2021,738.2247,--,735.8268,740.1217,723.0943
05/14/2021,738.2247,--,727.4938,749.0181,724.2558
05/13/2021,712.6481,--,727.4904,739.1131,699.8503
05/12/2021,718.7021,--,735.1277,746.3803,716.6617
05/11/2021,753.1716,--,709.5374,759.2068,708.6669
05/10/2021,744.5717,--,780.6514,780.7813,744.4472
05/07/2021,786.0964,--,780.2156,799.215,776.253
05/06/2021,773.3338,--,780.3116,784.531,757.726
05/05/2021,788.0096,--,798.8258,803.3517,781.7505
05/04/2021,792.4943,--,809.4161,810.3069,780.6831
05/03/2021,827.8517,--,850.2985,850.7267,826.823
04/30/2021,847.1888,--,847.2521,863.4458,844.2689
04/29/2021,862.1372,--,888.6002,889.158,851.273
04/28/2021,883.5485,--,884.4023,890.3365,877.8601
04/27/2021,901.9023,--,916.0657,916.3005,900.9844
04/26/2021,915.2921,--,898.0831,917.3546,890.9414
04/23/2021,891.7722,--,870.103,894.6622,866.474
04/22/2021,863.4339,--,869.2998,884.6089,856.0656
04/21/2021,854.9584,--,814.0825,855.1368,807.2527
04/20/2021,821.3564,--,832.4105,843.2454,809.9412
04/19/2021,832.7899,--,850.6886,860.2698,823.2887
04/16/2021,856.45,--,843.1014,858.988,840.6108
04/15/2021,842.3178,--,866.4611,866.4611,827.555
04/14/2021,859.6706,--,880.8039,883.5842,857.1247
04/13/2021,868.9102,--,859.5856,869.4964,850.8238
04/12/2021,858.9878,--,864.6642,864.6642,849.1635
04/09/2021,870.1204,--,869.5231,871.5656,860.7081
04/08/2021,877.2609,--,873.1025,884.5198,869.8832
04/07/2021,864.8746,--,897.2942,897.2942,861.3397
04/06/2021,902.1049,--,890.8273,912.156,889.4928
04/05/2021,890.2734,--,921.4885,922.7874,886.9409
04/01/2021,904.2593,--,914.1247,930.6694,901.9353
03/31/2021,896.3543,--,876.5971,903.7908,876.4729
03/30/2021,860.1938,--,819.0533,861.8516,814.6017
03/29/2021,821.4847,--,854.157,856.4835,814.9668
03/26/2021,860.8411,--,851.5387,862.9508,829.8889
03/25/2021,845.1942,--,805.6949,847.9767,801.112
03/24/2021,832.516,--,878.6498,879.1261,832.3395
03/23/2021,870.5047,--,898.3184,906.8612,865.2873
03/22/2021,903.7889,--,901.3157,916.2759,889.9831
03/19/2021,888.5314,--,869.4303,893.7266,858.5718
03/18/2021,869.1716,--,908.0658,910.464,867.6197
03/17/2021,925.6768,--,896.5048,933.4822,889.4368
03/16/2021,927.3709,--,949.6033,955.1154,918.9472
03/15/2021,956.34,--,947.1777,959.9994,939.0827
03/12/2021,949.2154,--,923.4996,952.1472,917.4727
03/11/2021,955.7407,--,923.3953,956.2022,918.2624
03/10/2021,893.7404,--,922.3359,937.1663,883.8124
03/09/2021,889.092,--,848.2991,896.6368,847.5782
03/08/2021,811.5774,--,844.3394,863.4514,809.6006
03/05/2021,845.084,--,869.2014,869.3419,770.0916
03/04/2021,856.1342,--,891.708,914.6906,829.2721
03/03/2021,906.8527,--,959.5593,967.6727,906.8109
03/02/2021,958.7829,--,1003.14,1003.14,958.03
03/01/2021,1005.24,--,982.538,1005.36,977.0196
02/26/2021,955.2232,--,939.1875,967.2364,917.8287
02/25/2021,932.2645,--,994.4014,999.408,926.4983
02/24/2021,1006.4,--,970.1723,1006.73,950.4079
02/23/2021,966.3295,--,937.217,970.7567,878.1366
02/22/2021,985.0563,--,1034.11,1036.84,981.8402
02/19/2021,1057,--,1043.95,1073.91,1042.11
02/18/2021,1021.15,--,1040.22,1050.32,1013.25
02/17/2021,1077.59,--,1086.35,1092.57,1053.19
02/16/2021,1105.63,--,1151.84,1153.3,1100.33
02/12/2021,1137.78,--,1125.4,1140.41,1112.11
02/11/2021,1134.39,--,1137.14,1143.09,1116.59
02/10/2021,1127.11,--,1169.34,1176.46,1118.49
02/09/2021,1152.37,--,1135.73,1157.89,1135.73
02/08/2021,1137.81,--,1117.66,1139.68,1117.17
02/05/2021,1105.59,--,1109.94,1111.88,1092.08
02/04/2021,1099.98,--,1098.45,1104.94,1087.67
02/03/2021,1099.76,--,1094.71,1105.59,1079.83
02/02/2021,1090.23,--,1095.6,1099.57,1072.78
02/01/2021,1078.84,--,1066.8,1080.18,1040.55
01/29/2021,1044.18,--,1080.87,1092.58,1034.24
01/28/2021,1080.29,--,1071.19,1085.9,1051.83
01/27/2021,1069.13,--,1072.56,1104.88,1052.08
01/26/2021,1121.04,--,1126.95,1137.38,1113.28
01/25/2021,1115.47,--,1144.61,1169.84,1094.27
01/22/2021,1133.43,--,1104.73,1134.22,1103.54
01/21/2021,1121.08,--,1100.24,1123.32,1081.01
01/20/2021,1093.68,--,1116.68,1119.45,1082.01
01/19/2021,1107.43,--,1087.29,1108.61,1077.7
01/15/2021,1055.38,--,1100.6,1104.09,1052.7
01/14/2021,1118.4,--,1118.18,1131.13,1111.54
01/13/2021,1119.21,--,1133.81,1138.46,1099.81
01/12/2021,1120.02,--,1108.46,1121.58,1099.15
01/11/2021,1083.92,--,1060.02,1095.89,1057.11
01/08/2021,1091.9,--,1104.88,1107.94,1071.02
01/07/2021,1074.58,--,1055.87,1081.02,1048.57
01/06/2021,1006.79,--,979.4164,1031.36,977.9092
01/05/2021,946.6182,--,917.5639,947.8227,917.4892
01/04/2021,925.7707,--,938.7593,950.0636,910.9947
12/31/2020,917.4779,--,918.739,926.0788,911.5968
12/30/2020,914.7657,--,894.6095,917.1362,894.6095
12/29/2020,886.6498,--,905.3369,905.6418,872.3316
12/28/2020,904.4209,--,941.9006,946.198,904.3452
12/24/2020,921.2843,--,925.0926,931.2919,911.5803
12/23/2020,926.009,--,929.9729,937.3315,913.9488
12/22/2020,920.122,--,900.3022,928.8658,899.726
12/21/2020,889.258,--,861.0864,889.4315,858.3007
12/18/2020,877.388,--,866.29,890.7031,864.833
12/17/2020,862.132,--,853.5216,862.1647,845.4732
12/16/2020,846.7633,--,848.0012,850.3048,827.0676
12/15/2020,849.4107,--,817.3398,850.8272,816.849
12/14/2020,805.622,--,815.3619,818.0061,799.2473
12/11/2020,805.0072,--,807.2552,818.3265,793.3162
12/10/2020,809.9132,--,793.803,813.9027,788.6219
12/09/2020,801.7171,--,840.377,841.4065,791.0718
12/08/2020,838.9718,--,811.0149,841.4454,810.936
12/07/2020,808.7516,--,801.3397,813.5302,800.7694
12/04/2020,800.6991,--,798.4409,801.3502,792.6308
12/03/2020,793.0777,--,808.4485,811.4564,792.079
12/02/2020,802.2806,--,784.9124,803.5207,762.9482
12/01/2020,806.1581,--,835.3889,835.6944,802.7189
11/30/2020,826.8273,--,857.4954,858.8472,807.0127
11/27/2020,848.9448,--,846.1689,861.4018,845.3183
11/25/2020,837.2823,--,821.8941,840.337,811.4784
11/24/2020,828.7012,--,831.3595,840.7561,806.3802
11/23/2020,819.1748,--,785.8391,819.8329,785.5122
11/20/2020,773.5575,--,765.8547,779.0364,763.7544
11/19/2020,761.9059,--,742.5662,763.3769,741.918
11/18/2020,740.9966,--,747.1296,756.3113,734.9339
11/17/2020,746.4635,--,742.3523,755.0694,728.5996
11/16/2020,738.7802,--,725.5259,738.8348,715.8026
11/13/2020,719.6487,--,730.7277,747.0427,706.2779
11/12/2020,723.1068,--,720.9855,733.1124,718.5736
11/11/2020,720.9166,--,704.3657,720.9166,698.7616
11/10/2020,693.5073,--,713.0431,716.0416,676.2168
11/09/2020,711.2312,--,729.1138,737.1118,711.0933
11/06/2020,704.8578,--,703.347,715.7212,693.9658
11/05/2020,699.7867,--,661.7894,700.0821,661.3713
11/04/2020,644.3162,--,642.1827,652.4579,626.4228
11/03/2020,649.8291,--,639.4086,651.5947,637.0629
11/02/2020,641.6772,--,624.1818,645.309,623.4589
10/30/2020,617.8805,--,629.958,632.0282,606.4079
10/29/2020,633.8914,--,617.4096,637.0083,617.4096
10/28/2020,617.4607,--,618.7818,625.356,614.0447
10/27/2020,625.2385,--,627.5714,634.1081,620.6797
10/26/2020,626.5101,--,629.995,638.2875,613.8243
10/23/2020,641.4695,--,645.2455,650.0599,633.2211
10/22/2020,639.9739,--,639.9732,641.68,622.9305
10/21/2020,635.4888,--,663.424,666.971,635.3277
10/20/2020,663.0392,--,661.0522,669.5667,657.0633
10/19/2020,657.6417,--,660.8645,671.0177,656.2426
10/16/2020,657.5331,--,666.6063,670.4797,657.0924
10/15/2020,660.0247,--,646.0732,661.1136,643.8818
10/14/2020,660.6513,--,654.2421,664.369,652.1967
10/13/2020,646.1173,--,640.7855,648.1552,638.7409
10/12/2020,644.5433,--,658.6486,658.6486,640.8618
10/09/2020,653.5419,--,643.0642,655.9545,642.2216
10/08/2020,638.6345,--,653.7121,654.7447,634.4329
10/07/2020,644.8338,--,625.5659,647.0048,625.476
10/06/2020,614.7015,--,621.1823,629.7711,608.6899
10/05/2020,617.5699,--,597.9403,617.9238,597.8322
10/02/2020,587.8127,--,576.515,598.2713,576.1055
10/01/2020,594.7681,--,586.6751,594.787,585.2521
09/30/2020,577.9831,--,569.0341,585.0316,569.0341
09/29/2020,566.9368,--,553.293,569.4876,553.166
09/28/2020,553.6968,--,540.4251,554.2337,540.3858
09/25/2020,529.1529,--,511.9321,530.0043,511.757
09/24/2020,512.3191,--,504.5504,519.9625,494.0264
09/23/2020,511.4937,--,530.5241,534.739,510.6983
09/22/2020,535.0905,--,532.6891,535.8142,524.7257
09/21/2020,534.3087,--,528.9452,534.3516,516.1091
09/18/2020,541.0407,--,545.2735,550.8849,533.4955
09/17/2020,537.5872,--,530.9299,542.1171,530.6122
09/16/2020,551.0741,--,551.119,559.5147,548.7465
09/15/2020,550.069,--,543.8617,556.3605,543.377
09/14/2020,535.9129,--,519.4955,536.5212,516.195
09/11/2020,511.9705,--,517.4252,518.9603,505.6189
09/10/2020,511.8654,--,525.1522,529.4577,508.7848
09/09/2020,519.8174,--,509.2287,521.512,508.9997
09/08/2020,498.0962,--,498.8611,515.2881,491.6761
09/04/2020,524.5787,--,529.1844,535.697,488.3299
09/03/2020,526.9788,--,553.755,555.7108,523.2361
09/02/2020,566.356,--,573.6178,576.3436,548.8155
09/01/2020,572.1895,--,565.3042,572.2186,560.173
08/31/2020,564.1907,--,558.7697,568.0666,554.3169
08/28/2020,557.6355,--,557.2773,562.2537,552.608
08/27/2020,553.2815,--,552.6764,560.4184,548.0156
08/26/2020,552.9457,--,544.2164,556.2149,544.2164
08/25/2020,541.6591,--,530.5509,541.7134,529.849
08/24/2020,530.327,--,529.7811,534.1271,522.5971
08/21/2020,523.1633,--,520.9505,527.5769,520.6342
08/20/2020,520.7282,--,518.3873,522.7633,516.6863
08/19/2020,524.6208,--,523.1468,529.9545,522.4418
08/18/2020,523.745,--,526.7041,530.1611,519.1303
08/17/2020,522.9944,--,513.9614,523.6642,513.9114
08/14/2020,509.6287,--,513.4399,516.7849,507.1673
08/13/2020,513.9251,--,507.9128,518.7907,507.2686
08/12/2020,506.2289,--,497.8014,509.3798,494.6794
08/11/2020,490.3982,--,504.4738,504.7874,489.1277
08/10/2020,503.5722,--,499.2951,506.2604,497.2857
08/07/2020,497.2713,--,492.8529,504.1089,490.2973
08/06/2020,492.2452,--,497.0387,500.1536,490.1615
08/05/2020,497.6489,--,487.5579,498.4042,483.7285
08/04/2020,485.3637,--,480.3484,485.3949,475.3265
08/03/2020,471.2726,--,458.8432,472.114,457.6652
07/31/2020,455.4759,--,459.4505,459.6742,449.2883
07/30/2020,457.5035,--,456.677,459.7827,454.0099
07/29/2020,462.7714,--,458.5004,464.5812,457.7184
07/28/2020,455.6892,--,463.6473,464.1175,455.3783
07/27/2020,467.8123,--,458.8254,468.13,455.7525
07/24/2020,456.2488,--,454.8954,460.507,447.0382
07/23/2020,466.7982,--,472.2385,477.5068,460.6664
07/22/2020,471.5785,--,469.5161,473.7846,467.1394
07/21/2020,469.759,--,477.2618,480.5324,468.7238
07/20/2020,473.7805,--,461.2801,474.6302,461.2482
07/17/2020,460.3411,--,458.3373,460.5547,454.1285
07/16/2020,457.837,--,458.7778,461.0072,455.4261
07/15/2020,465.8653,--,461.902,466.5748,454.0036
07/14/2020,454.1194,--,436.846,454.2481,428.8177
07/13/2020,437.4072,--,456.5556,466.487,436.6238
07/10/2020,446.8629,--,439.0088,447.0695,435.9434
07/09/2020,439.727,--,439.787,441.8472,426.3097
07/08/2020,435.5586,--,429.5981,439.5894,428.9251
07/07/2020,425.1502,--,421.366,429.044,417.9504
07/06/2020,423.0804,--,410.7009,423.2302,410.517
07/02/2020,400.2704,--,398.0779,403.3121,395.9191
07/01/2020,388.2768,--,387.9727,391.1363,387.5576
06/30/2020,387.0284,--,378.2617,387.6756,377.8752
06/29/2020,378.3994,--,369.1652,379.2439,365.7008
06/26/2020,365.775,--,374.8688,375.1817,365.1947
06/25/2020,375.5559,--,368.9776,375.5793,365.543
06/24/2020,373.3213,--,379.4484,381.4953,368.2727
06/23/2020,383.3787,--,387.3843,387.9145,382.9407
06/22/2020,381.3182,--,382.6051,383.1104,377.991
06/19/2020,382.1831,--,387.6033,389.7531,381.4936
06/18/2020,382.084,--,377.224,384.9697,376.9243
06/17/2020,378.3747,--,387.1638,387.4849,377.6012
06/16/2020,385.5984,--,391.708,391.7524,378.8892
06/15/2020,378.7009,--,358.5723,379.8492,357.75
06/12/2020,369.236,--,374.4159,376.3117,360.6216
06/11/2020,361.3588,--,369.146,375.3018,360.7967
06/10/2020,388.6408,--,392.3035,393.3256,384.9171
06/09/2020,390.1378,--,386.7058,392.861,383.8602
06/08/2020,393.5363,--,389.1655,393.6291,388.3038
06/05/2020,383.2327,--,382.6692,386.7485,380.6342
06/04/2020,372.0057,--,371.1411,375.6266,368.5282
06/03/2020,371.4712,--,365.2546,372.8739,365.1424
06/02/2020,360.1117,--,361.7175,362.8212,356.4474
06/01/2020,359.4055,--,350.0971,360.4582,349.8711
05/29/2020,350.3219,--,344.2615,350.5476,342.975
05/28/2020,345.4348,--,354.2093,355.1358,344.5097
05/27/2020,354.6346,--,352.8753,354.7894,341.8173
05/26/2020,349.5893,--,347.8469,352.7103,347.6334
05/22/2020,335.9904,--,339.0279,339.0279,333.8194
05/21/2020,338.5202,--,340.4867,342.6944,334.4411
05/20/2020,343.2106,--,344.1201,347.8975,341.1056
05/19/2020,337.0002,--,336.7083,344.0523,335.697
05/18/2020,337.7093,--,328.3942,338.6775,328.342
05/15/2020,315.3296,--,311.2372,316.0773,309.4963
05/14/2020,315.6289,--,306.6192,315.6289,300.7511
05/13/2020,313.0764,--,323.8972,324.6749,308.5886
05/12/2020,324.1676,--,334.9555,337.8311,324.0287
05/11/2020,333.2574,--,328.8781,335.1676,327.9297
05/08/2020,334.5847,--,327.8188,334.5847,324.3509
05/07/2020,321.6427,--,320.1438,322.4503,316.3367
05/06/2020,316.7413,--,313.7647,318.9233,311.7688
05/05/2020,309.2538,--,313.5344,316.4246,308.0754
05/04/2020,306.5286,--,298.1554,306.6294,297.1573
05/01/2020,301.9899,--,310.0072,312.3654,297.728
04/30/2020,319.5787,--,329.6051,329.9083,318.4466
04/29/2020,332.9096,--,322.958,333.7419,322.6076
04/28/2020,313.8094,--,317.5638,318.7314,309.4794
04/27/2020,310.622,--,300.3626,311.0469,299.8995
04/24/2020,297.0027,--,296.2286,298.1055,291.799
04/23/2020,294.328,--,294.8359,299.9066,293.5352
04/22/2020,293.2602,--,288.1989,294.1762,286.7298
04/21/2020,280.3084,--,287.6469,291.5423,279.7722
04/20/2020,294.7317,--,292.9599,300.333,292.1301
04/17/2020,300.6139,--,302.351,303.7383,297.8059
04/16/2020,292.1224,--,292.3158,294.2955,287.5184
04/15/2020,290.7938,--,293.3132,294.848,287.4681
04/14/2020,300.2217,--,298.6713,305.5207,296.5526
04/13/2020,288.1478,--,285.224,288.6051,278.4496
04/09/2020,285.5002,--,285.7971,292.4031,281.6015
04/08/2020,278.7351,--,272.3126,279.8926,268.6146
04/07/2020,268.0696,--,276.2654,279.4188,267.0577
04/06/2020,263.3212,--,253.328,264.1197,252.4153
04/03/2020,240.6393,--,246.102,248.5351,237.401
04/02/2020,243.4172,--,241.8903,252.6398,239.0756
04/01/2020,243.4688,--,250.1676,253.9936,241.7045
03/31/2020,262.4697,--,261.0745,268.6091,258.3517
03/30/2020,260.5948,--,259.5727,261.325,255.2292
03/27/2020,259.1222,--,264.7559,266.0392,258.8973
03/26/2020,276.9602,--,272.1939,279.525,270.2175
03/25/2020,269.6628,--,262.7929,278.9009,253.8039
03/24/2020,257.3132,--,242.3195,257.5467,242.2633
03/23/2020,225.6338,--,230.705,231.8894,217.6227
03/20/2020,231.0059,--,241.3878,250.0774,230.3497
03/19/2020,235.5137,--,220.5929,240.8162,214.1527
03/18/2020,220.9867,--,238.4705,241.1785,212.7548
03/17/2020,253.291,--,241.462,253.8805,228.5558
03/16/2020,237.7832,--,261.2118,261.2118,237.4121
03/13/2020,277.8731,--,282.5003,285.1438,259.0439
03/12/2020,267.2889,--,283.4113,283.5259,265.4715
03/11/2020,301.8708,--,314.9579,317.6708,296.6316
03/10/2020,322.9112,--,322.9644,324.6507,309.3018
03/09/2020,309.8535,--,324.3719,325.5236,309.5422
03/06/2020,346.7182,--,347.9354,350.0869,340.228
03/05/2020,356.6664,--,354.9105,361.1391,353.1691
03/04/2020,363.0424,--,360.2196,363.0529,354.9128
03/03/2020,353.6931,--,363.0415,367.5087,348.5906
03/02/2020,356.5055,--,349.0303,356.5377,340.3149
02/28/2020,342.802,--,327.5797,344.1631,325.8793
02/27/2020,342.015,--,349.3286,356.2758,338.3535
02/26/2020,362.803,--,364.876,372.358,361.7609
02/25/2020,367.4835,--,386.3526,387.0442,366.5938
02/24/2020,379.8806,--,381.025,384.05,379.1081
02/21/2020,397.262,--,400.9057,401.177,393.2931
02/20/2020,404.5704,--,401.0733,407.0133,394.5461
02/19/2020,401.863,--,393.5934,402.0615,393.3296
02/18/2020,384.1095,--,380.3184,384.9233,380.3184
02/14/2020,379.2014,--,379.6544,381.7166,377.8303
02/13/2020,380.0317,--,373.1064,381.5588,372.5096
02/12/2020,378.4993,--,375.1833,378.8018,375.1711
02/11/2020,372.1726,--,368.078,373.9237,367.6068
02/10/2020,366.4264,--,363.2227,367.3811,362.793
02/07/2020,360.5305,--,364.1091,365.4862,358.8848
02/06/2020,366.8202,--,364.1931,370.993,362.4215
02/05/2020,365.6626,--,370.9359,372.6477,360.9807
02/04/2020,373.8575,--,365.8102,380.0191,364.5548
02/03/2020,354.503,--,345.1452,355.8103,344.5715
01/31/2020,344.1331,--,347.2072,349.5299,342.4462
01/30/2020,349.9906,--,346.7714,350.7359,345.8535
01/29/2020,346.0636,--,348.5537,348.8231,344.5214
01/28/2020,346.7404,--,342.8666,347.41,341.8392
01/27/2020,339.4245,--,340.9704,342.4465,338.5736
01/24/2020,351.136,--,356.5672,356.5716,349.0032
01/23/2020,354.4228,--,350.959,354.7214,348.0919
01/22/2020,352.3315,--,356.3432,357.6365,350.9031
01/21/2020,353.3651,--,350.5966,354.1994,349.5205
01/17/2020,350.4142,--,349.5237,350.7947,348.6553
01/16/2020,348.6906,--,347.0601,349.0251,345.774
01/15/2020,346.5994,--,346.6346,348.8027,345.4902
01/14/2020,347.804,--,346.4739,350.2409,343.4135
01/13/2020,344.7283,--,338.616,345.2288,338.616
01/10/2020,335.2622,--,336.6888,337.4664,334.5229
01/09/2020,336.1239,--,338.1773,338.638,333.9179
01/08/2020,336.2872,--,332.5837,337.6918,332.0959
01/07/2020,333.0719,--,331.3556,334.3893,330.5628
01/06/2020,330.1516,--,327.1139,330.2337,326.4961
01/03/2020,329.748,--,326.8619,331.1068,326.6056
01/02/2020,330.2998,--,327.961,330.3033,325.1767
12/31/2019,324.9099,--,321.9418,326.1376,321.909
12/30/2019,323.5155,--,324.6273,326.6484,320.5142
12/27/2019,323.7758,--,326.9406,326.979,323.1925
12/26/2019,326.1539,--,323.8256,326.3183,323.2977
12/24/2019,323.1336,--,322.4525,323.1367,321.0798
12/23/2019,322.5671,--,321.0587,322.5886,320.3653
12/20/2019,319.9206,--,319.4992,320.5176,319.3527
12/19/2019,318.2027,--,317.2932,318.7816,316.3591
12/18/2019,316.7072,--,314.7904,316.8949,313.8572
12/17/2019,314.5083,--,313.2555,314.603,312.7417
12/16/2019,312.8934,--,309.9688,314.3815,309.9604
12/13/2019,307.6499,--,307.862,310.8577,306.396
12/12/2019,307.9657,--,304.4873,308.198,304.3748
12/11/2019,304.2103,--,301.8065,304.5691,301.8024
12/10/2019,301.1003,--,299.4145,301.7724,299.1458
12/09/2019,299.5183,--,301.4422,302.044,299.5183
12/06/2019,301.5383,--,300.5494,302.3855,300.3978
12/05/2019,298.027,--,299.8738,300.2582,297.4246
12/04/2019,299.0094,--,298.8216,301.3233,298.8216
12/03/2019,296.8933,--,293.98,297.1702,293.2244
12/02/2019,297.6269,--,299.1992,299.6923,296.5536
11/29/2019,298.5961,--,300.8544,300.9616,298.4577
11/27/2019,302.0812,--,297.7084,302.0913,297.6782
11/26/2019,297.1349,--,296.6982,297.2063,296.039
11/25/2019,296.5579,--,292.6719,296.6266,292.3779
11/22/2019,290.8446,--,291.4999,291.5695,288.6096
11/21/2019,292.3002,--,293.6952,294.5099,291.5043
11/20/2019,293.0781,--,295.3893,296.4692,291.8876
11/19/2019,296.3153,--,296.909,297.3817,293.7061
11/18/2019,295.4913,--,296.7973,296.8557,295.1458
11/15/2019,297.0859,--,295.7136,297.326,295.5511
11/14/2019,293.7302,--,292.4464,294.0793,291.1168
11/13/2019,292.5966,--,294.6257,294.6257,292.1313
11/12/2019,295.4325,--,296.1481,298.6696,294.7044
11/11/2019,294.9519,--,293.7129,295.4902,293.4293
11/08/2019,294.047,--,293.4144,294.1474,292.4413
11/07/2019,294.4443,--,294.9086,297.3163,293.7996
11/06/2019,293.7366,--,295.2091,295.4994,292.1394
11/05/2019,295.6412,--,293.0305,296.1197,292.9221
11/04/2019,292.149,--,291.4951,292.829,289.8935
11/01/2019,289.0283,--,287.007,289.0902,285.8246
10/31/2019,286.064,--,285.2714,286.5975,283.5923
10/30/2019,284.1819,--,286.2819,286.7331,282.7993
10/29/2019,288.4314,--,289.553,290.3705,288.2868
10/28/2019,290.3527,--,289.4819,291.531,289.4819
10/25/2019,287.4975,--,285.2112,287.6599,281.1119
10/24/2019,285.2284,--,285.9804,286.6418,283.6304
10/23/2019,279.4516,--,278.4569,280.3088,277.6153
10/22/2019,279.5886,--,281.7649,282.3754,278.3237
10/21/2019,281.9019,--,281.4725,282.8947,281.0721
10/18/2019,279.528,--,279.3849,281.1372,277.3547
10/17/2019,280.0306,--,279.5326,280.9788,278.8076
10/16/2019,277.9932,--,278.9822,279.387,277.0278
10/15/2019,279.5673,--,278.0672,280.2599,277.2933
10/14/2019,277.5485,--,277.2762,278.0767,276.9524
10/11/2019,277.9935,--,277.5092,280.0934,277.4788
10/10/2019,274.4281,--,273.3226,277.333,273.1357
10/09/2019,272.6614,--,273.093,273.7116,271.7863
10/08/2019,270.531,--,271.9799,274.0515,270.2381
10/07/2019,274.1856,--,275.8658,276.0704,273.7716
10/04/2019,275.3588,--,272.1346,275.4394,271.544
10/03/2019,271.6517,--,268.9781,271.7914,265.6928
10/02/2019,269.8445,--,271.3103,272.019,267.6163
10/01/2019,274.5309,--,280.7852,281.0393,273.5959
09/30/2019,279.5397,--,278.9354,280.3544,277.4003
09/27/2019,278.116,--,282.7678,283.0884,276.3814
09/26/2019,282.572,--,286.1048,286.3282,282.0679
09/25/2019,285.4454,--,282.2938,285.7369,280.6372
09/24/2019,283.0451,--,292.9303,292.9303,282.3098
09/23/2019,291.9833,--,289.5794,293.6159,289.2219
09/20/2019,290.1638,--,292.0783,292.975,288.5275
09/19/2019,291.5064,--,289.7393,293.7527,289.7268
09/18/2019,288.7642,--,289.0086,289.5695,285.9278
09/17/2019,289.2018,--,285.5273,289.5095,285.3059
09/16/2019,286.7629,--,285.9051,288.1409,285.196
09/13/2019,286.3302,--,285.7525,287.298,285.232
09/12/2019,284.7887,--,287.6521,287.8516,283.0407
09/11/2019,287.5612,--,282.4676,287.8807,280.7905
09/10/2019,281.1742,--,278.6919,281.2132,276.4332
09/09/2019,280.3256,--,282.0716,282.4704,278.9252
09/06/2019,280.6797,--,281.3912,282.1869,279.7644
09/05/2019,280.6673,--,279.7482,283.0122,279.2818
09/04/2019,276.1769,--,273.9352,276.3216,273.8915
09/03/2019,271.0919,--,273.0929,274.7998,270.2769
08/30/2019,276.1561,--,278.6317,278.9743,274.4464
08/29/2019,276.0022,--,275.9424,277.2568,274.7179
08/28/2019,272.5705,--,269.4496,273.4896,268.6549
08/27/2019,270.4913,--,274.5142,275.4233,269.7854
08/26/2019,272.6328,--,273.1615,273.4838,271.179
08/23/2019,270.2724,--,277.0088,278.7624,269.7881
08/22/2019,279.3575,--,281.9519,282.2221,277.5968
08/21/2019,281.8472,--,283.7356,284.0254,280.9204
08/20/2019,281.8375,--,282.1737,283.0058,280.6184
08/19/2019,282.3897,--,282.5927,283.7493,281.02
08/16/2019,277.9415,--,273.1718,278.2943,273.1568
08/15/2019,271.317,--,273.8366,274.0184,269.3998
08/14/2019,272.83,--,278.1784,278.2855,272.3775
08/13/2019,283.3864,--,277.8098,285.9465,276.929
08/12/2019,278.6694,--,280.7746,281.1355,277.696
08/09/2019,282.5647,--,286.4499,286.5088,282.2263
08/08/2019,288.4489,--,283.0242,288.4596,282.7128
08/07/2019,282.031,--,274.7894,282.4335,274.3395
08/06/2019,275.9097,--,275.053,277.2719,272.7071
08/05/2019,271.4339,--,276.77,276.77,268.75
08/02/2019,284.0171,--,285.9706,286.0402,281.3647
08/01/2019,286.7818,--,290.2541,296.6502,285.849
07/31/2019,288.7576,--,292.0703,293.2923,286.7518
07/30/2019,290.6655,--,286.3427,290.675,285.7093
07/29/2019,288.6408,--,287.9169,288.7254,285.6509
07/26/2019,288.1856,--,287.5816,288.7628,286.542
07/25/2019,286.8762,--,289.547,289.6279,286.0667
07/24/2019,293.9039,--,289.0949,294.3171,288.667
07/23/2019,289.1774,--,287.7788,289.2563,286.8233
07/22/2019,286.1903,--,286.0072,287.869,285.5172
07/19/2019,285.6584,--,285.6454,287.8604,285.5582
07/18/2019,284.9496,--,283.281,285.3896,282.8959
07/17/2019,283.3475,--,283.8966,285.0118,282.4532
07/16/2019,283.2837,--,282.4485,284.5548,281.7417
07/15/2019,283.688,--,283.5819,283.7647,281.5137
07/12/2019,282.3783,--,279.4548,282.595,279.3317
07/11/2019,278.4827,--,281.1252,281.1252,277.5995
07/10/2019,280.6776,--,281.9152,282.5789,279.4409
07/09/2019,280.1418,--,277.7105,280.1418,277.6187
07/08/2019,278.9462,--,279.97,280.0585,278.3991
07/05/2019,281.5922,--,279.6678,281.7936,277.5172
07/03/2019,281.2148,--,280.1651,281.9579,280.0165
07/02/2019,278.26,--,279.9081,279.9081,276.5075
07/01/2019,279.6714,--,282.3032,283.3539,278.2975
06/28/2019,276.2675,--,275.7226,276.5205,274.5165
06/27/2019,274.5542,--,270.8203,274.6178,270.7756
06/26/2019,269.6932,--,269.7561,271.4283,269.3568
06/25/2019,267.5314,--,271.5925,271.7696,267.4215
06/24/2019,271.5221,--,272.864,273.0829,271.2681
06/21/2019,271.6586,--,272.4819,272.5928,270.319
06/20/2019,273.6848,--,274.5686,275.1268,271.6282
06/19/2019,271.5187,--,271.6341,271.7514,269.2958
06/18/2019,270.8004,--,266.6184,272.7554,266.6184
06/17/2019,263.501,--,262.758,264.7993,262.3387
06/14/2019,262.7238,--,265.3789,265.3789,261.8027
06/13/2019,267.5051,--,264.8079,267.7016,264.6458
06/12/2019,263.4805,--,266.3789,266.7203,263.3344
06/11/2019,267.0374,--,268.7416,269.3235,265.4817
06/10/2019,266.0282,--,263.4621,267.4425,263.2372
06/07/2019,260.7572,--,259.1126,261.9708,258.8419
06/06/2019,257.6525,--,256.6623,258.3619,255.2235
06/05/2019,256.385,--,257.8927,258.2159,253.4698
06/04/2019,256.1649,--,251.1126,256.2654,251.042
06/03/2019,248.3494,--,246.8498,250.1991,246.7322
05/31/2019,246.3039,--,246.8634,248.1277,245.5296
05/30/2019,251.2165,--,251.784,253.6124,250.0138
05/29/2019,251.3707,--,251.8694,253.2612,250.0274
05/28/2019,253.9784,--,254.4957,255.7835,253.2711
05/24/2019,253.7359,--,255.251,255.7618,253.1569
05/23/2019,253.1095,--,255.6598,255.7844,251.1331
05/22/2019,258.5494,--,258.7059,260.793,258.2327
05/21/2019,260.5633,--,257.2708,261.2385,257.2708
05/20/2019,255.4194,--,255.7931,256.651,253.8639
05/17/2019,259.1769,--,262.7508,264.072,259.156
05/16/2019,265.5682,--,264.6663,267.9876,264.4125
05/15/2019,265.2708,--,260.8484,265.8285,260.5787
05/14/2019,262.6017,--,260.5979,263.4307,260.0281
05/13/2019,258.6842,--,263.2732,263.8766,257.6975
05/10/2019,268.9343,--,267.3048,269.7963,265.0236
05/09/2019,268.7682,--,268.4019,269.5465,265.4715
05/08/2019,271.8167,--,275.6313,275.79,271.7609
05/07/2019,276.9766,--,277.4441,278.7891,274.7009
05/06/2019,277.9472,--,274.752,278.5585,274.1629
05/03/2019,280.3283,--,277.1786,280.8514,277.1646
05/02/2019,273.3223,--,270.5942,274.2302,269.9409
05/01/2019,271.8275,--,275.5464,276.4467,271.742
04/30/2019,274.4439,--,274.8211,275.1513,272.1086
04/29/2019,274.6927,--,276.5637,276.8171,274.455
04/26/2019,275.5212,--,273.6408,275.5396,272.1967
04/25/2019,274.6306,--,278.1329,278.1329,273.6333
04/24/2019,278.9193,--,279.4045,281.6907,278.8817
04/23/2019,278.4952,--,276.9803,279.4761,275.7901
04/22/2019,277.1974,--,277.9869,278.4081,276.8661
04/18/2019,278.8574,--,278.3786,279.4425,277.0192
04/17/2019,278.4955,--,280.6585,281.1114,277.7635
04/16/2019,278.8882,--,277.7798,279.3209,277.6314
04/15/2019,276.5289,--,277.65,277.7594,274.9752
04/12/2019,277.2203,--,276.9759,277.4695,275.9583
04/11/2019,275.3345,--,276.3762,276.3824,274.6119
04/10/2019,277.082,--,274.9507,277.4717,274.8561
04/09/2019,274.0198,--,276.4737,276.658,273.7645
04/08/2019,277.3835,--,276.0662,277.4116,275.1451
04/05/2019,276.1256,--,273.9867,276.2974,273.7311
04/04/2019,272.9616,--,271.0498,273.0562,270.9358
04/03/2019,272.9208,--,269.9258,274.7889,269.9258
04/02/2019,267.847,--,268.0177,268.192,266.032
04/01/2019,268.0698,--,265.7026,268.138,265.0811
03/29/2019,262.5738,--,262.6857,263.1279,261.3881
03/28/2019,260.8215,--,259.3876,261.8296,258.8709
03/27/2019,259.5876,--,260.8201,261.2786,257.0839
03/26/2019,260.3643,--,261.8605,262.7772,258.8855
03/25/2019,260.0466,--,260.3705,261.0418,257.3313
03/22/2019,261.7118,--,269.271,269.273,261.6835
03/21/2019,270.6695,--,267.4065,272.0498,267.2846
03/20/2019,268.385,--,270.0717,270.3947,265.6839
03/19/2019,269.961,--,270.6395,272.0785,269.2917
03/18/2019,269.735,--,269.0238,270.4819,267.4407
03/15/2019,268.7975,--,268.9865,270.6899,268.1963
03/14/2019,268.1879,--,270.0791,270.2085,267.9764
03/13/2019,269.6906,--,269.2916,270.6405,269.0819
03/12/2019,268.4903,--,268.5174,269.2099,267.6067
03/11/2019,268.2921,--,264.0016,268.3105,263.0586
03/08/2019,262.9268,--,259.9231,263.0677,259.4383
03/07/2019,262.6751,--,264.5813,265.0512,261.3879
03/06/2019,265.0406,--,269.0283,269.5448,264.8187
03/05/2019,269.2241,--,270.6221,271.1162,269.0326
03/04/2019,270.7016,--,273.5345,273.595,268.4171
03/01/2019,272.1059,--,273.7503,273.8049,270.4335
02/28/2019,272.8682,--,273.2643,274.0038,271.3363
02/27/2019,274.0278,--,271.8583,274.1305,270.6015
02/26/2019,273.516,--,272.9139,274.4443,272.4272
02/25/2019,274.9804,--,276.2464,277.8385,274.8382
02/22/2019,273.9435,--,270.21,273.9618,269.8504
02/21/2019,267.1929,--,266.2836,268.871,266.2432
02/20/2019,266.5459,--,266.8361,267.7946,266.0526
02/19/2019,266.4113,--,264.8823,267.2549,264.6854
02/15/2019,265.3376,--,264.6367,265.3579,263.9445
02/14/2019,263.6896,--,261.9279,264.7388,261.3703
02/13/2019,263.1904,--,263.6016,263.61,261.8014
02/12/2019,262.4651,--,261.4523,262.5882,261.0652
02/11/2019,259.7576,--,258.9049,259.9417,258.3711
02/08/2019,257.7944,--,256.2032,258.0389,254.6292
02/07/2019,258.0751,--,260.732,261.2387,254.3991
02/06/2019,262.9423,--,262.2279,265.3937,262.2279
02/05/2019,261.3324,--,258.9514,261.4478,258.8981
02/04/2019,259.4713,--,257.1874,259.4746,255.5156
02/01/2019,256.4724,--,255.6226,257.4218,255.0657
01/31/2019,255.5419,--,252.2023,256.7223,252.1894
01/30/2019,252.8102,--,251.6154,253.5394,250.2883
01/29/2019,250.1131,--,251.2241,251.683,249.8769
01/28/2019,250.8041,--,247.9849,251.3942,247.9486
01/25/2019,251.2857,--,248.7422,252.4056,248.7355
01/24/2019,246.8676,--,240.2885,247.0157,240.2196
01/23/2019,239.49,--,241.05,241.7021,237.4603
01/22/2019,240.3753,--,244.4316,244.4826,239.0447
01/18/2019,246.0599,--,246.0201,248.213,245.2887
01/17/2019,245.958,--,242.511,247.1535,242.168
01/16/2019,243.4849,--,242.6356,245.1108,242.6076
01/15/2019,242.3027,--,241.874,242.7889,241.2716
01/14/2019,241.6529,--,243.2652,243.4214,241.2906
01/11/2019,245.7807,--,242.9438,246.524,242.4929
01/10/2019,244.0145,--,238.9943,244.1378,238.4489
01/09/2019,240.4048,--,238.5215,241.2506,238.4896
01/08/2019,237.1688,--,237.952,238.3918,234.3982
01/07/2019,235.193,--,233.6109,237.3234,231.8576
01/04/2019,232.7849,--,226.0056,233.3186,226.0056
01/03/2019,223.0881,--,228.5528,228.584,222.993
01/02/2019,230.6273,--,226.3832,231.3539,225.2168
12/31/2018,230.8933,--,230.4565,230.904,227.846
12/28/2018,228.9159,--,228.6771,231.7285,227.006
12/27/2018,227.8058,--,223.7726,227.8656,220.5423
12/26/2018,227.0766,--,216.1899,227.104,215.5523
12/24/2018,214.9683,--,219.432,220.1437,214.9683
12/21/2018,221.7982,--,226.2015,227.7552,221.5163
12/20/2018,225.2611,--,228.5094,230.5055,222.2399
12/19/2018,230.6303,--,235.3505,237.6176,229.5517
12/18/2018,235.6007,--,236.9335,239.5077,235.0068
12/17/2018,235.2093,--,241.203,242.2434,233.9791
12/14/2018,242.1444,--,244.3831,246.5468,241.7369
12/13/2018,246.6705,--,247.9768,248.4422,246.0709
12/12/2018,246.9202,--,247.3337,249.2693,246.1499
12/11/2018,244.6056,--,248.4831,248.9179,243.6549
12/10/2018,245.182,--,244.275,245.8967,241.6267
12/07/2018,244.3109,--,250.4677,252.7292,243.8734
12/06/2018,249.9476,--,247.0352,249.9539,244.4667
12/04/2018,250.6236,--,258.1466,259.3263,250.4127
12/03/2018,258.9197,--,259.0767,260.0007,256.9663
11/30/2018,254.4117,--,252.236,254.6975,251.2432
11/29/2018,253.6458,--,253.8993,255.0273,251.7665
11/28/2018,254.9004,--,250.8963,254.9162,248.9823
11/27/2018,249.5244,--,248.1036,251.0658,247.919
11/26/2018,249.7998,--,247.1793,250.0114,247.1134
11/23/2018,244.968,--,243.4101,246.7242,243.3587
11/21/2018,245.2123,--,244.4768,246.953,243.5025
11/20/2018,242.5602,--,242.4526,244.6049,239.8202
11/19/2018,246.629,--,250.3896,250.9378,246.4385
11/16/2018,250.7576,--,246.3043,251.1843,246.2903
11/15/2018,248.5008,--,242.8575,249.062,242.677
11/14/2018,243.7759,--,246.3923,247.6209,242.1481
11/13/2018,244.3943,--,244.6864,248.3024,243.5606
11/12/2018,243.4543,--,250.1322,250.1695,243.2758
11/09/2018,251.2997,--,252.1597,252.35,249.1825
11/08/2018,254.3949,--,254.8568,255.6875,253.3918
11/07/2018,255.6381,--,252.5705,255.6838,251.8616
11/06/2018,251.1696,--,250.0996,252.136,249.4526
11/05/2018,250.8936,--,250.9475,252.1523,249.1937
11/02/2018,251.4898,--,251.2313,252.2784,249.0572
11/01/2018,253.0727,--,246.43,253.8078,246.4129
10/31/2018,246.0073,--,244.4323,247.5888,243.1239
10/30/2018,241.1042,--,233.638,241.1945,233.3036
10/29/2018,234.3567,--,237.8172,240.5564,231.5841
10/26/2018,233.7065,--,231.9884,237.2829,229.9178
10/25/2018,236.0801,--,234.4062,237.0169,232.9711
10/24/2018,230.6146,--,239.1829,240.11,230.574
10/23/2018,239.3012,--,236.2066,240.4174,233.1799
10/22/2018,239.78,--,240.7842,240.7842,237.9443
10/19/2018,239.7354,--,242.3934,243.4178,238.3612
10/18/2018,241.8058,--,245.2638,245.3151,240.7407
10/17/2018,246.5986,--,248.2231,248.4877,244.8429
10/16/2018,247.7003,--,242.0766,247.8489,241.9911
10/15/2018,240.5001,--,238.3953,241.7878,238.0143
10/12/2018,238.376,--,239.2087,239.7689,235.7839
10/11/2018,234.9677,--,235.8306,239.2087,234.8656
10/10/2018,237.1616,--,243.8601,243.9386,237.0424
10/09/2018,244.8127,--,247.092,247.3974,244.7595
10/08/2018,247.0791,--,247.902,248.523,244.9529
10/05/2018,248.7235,--,253.2722,254.1067,247.1947
10/04/2018,254.1893,--,258.5712,258.5767,253.1766
10/03/2018,259.1551,--,261.7674,261.8288,258.4668
10/02/2018,260.909,--,259.8988,261.9336,259.8337
10/01/2018,259.985,--,261.5285,261.795,259.1547
09/28/2018,257.3236,--,257.2066,258.6778,256.6447
09/27/2018,259.864,--,260.494,260.5353,259.3958
09/26/2018,260.1876,--,262.9268,263.0921,260.0562
09/25/2018,262.9095,--,266.1508,266.2124,262.6905
09/24/2018,266.1898,--,267.2179,267.5794,265.4685
09/21/2018,268.1623,--,269.2938,270.2027,267.6608
09/20/2018,268.6124,--,266.9758,268.8166,266.5891
09/19/2018,265.233,--,263.9961,265.6687,263.9617
09/18/2018,264.1651,--,264.2523,265.5106,263.5197
09/17/2018,263.6042,--,264.9265,265.7794,263.443
09/14/2018,265.5884,--,264.3847,265.7916,263.9814
09/13/2018,264.2134,--,264.7305,266.3195,263.7829
09/12/2018,263.786,--,262.1687,264.0124,259.4727
09/11/2018,262.6911,--,261.7467,263.0508,260.933
09/10/2018,260.8661,--,261.4725,261.7734,259.7389
09/07/2018,259.5359,--,259.9115,262.0038,258.8674
09/06/2018,262.342,--,265.9624,266.4982,262.2942
09/05/2018,265.3358,--,266.2871,266.2871,262.472
09/04/2018,266.779,--,267.7219,268.0609,265.5934
08/31/2018,268.5298,--,266.3724,268.7925,266.081
08/30/2018,265.9032,--,267.608,267.6677,265.3443
08/29/2018,268.2544,--,268.3139,268.8688,267.4286
08/28/2018,267.6394,--,269.7398,269.8784,267.2605
08/27/2018,269.2734,--,267.8879,270.566,267.885
08/24/2018,266.9188,--,265.1005,267.017,264.971
08/23/2018,264.1197,--,265.7241,266.254,264.0249
08/22/2018,265.9433,--,266.3693,266.7255,265.4162
08/21/2018,266.7749,--,263.6291,267.6966,263.6291
08/20/2018,263.0493,--,259.4566,263.1891,259.3439
08/17/2018,260.035,--,260.866,260.8927,258.346
08/16/2018,262.4712,--,262.7801,263.9864,262.1694
08/15/2018,261.4068,--,263.0684,263.7726,258.6872
08/14/2018,265.4989,--,265.6012,266.5765,264.4739
08/13/2018,264.9345,--,266.8548,267.3419,264.6874
08/10/2018,266.4349,--,267.3427,268.4254,266.0083
08/09/2018,268.5402,--,268.9887,270.7076,268.3544
08/08/2018,269.9243,--,269.0639,270.5946,268.7011
08/07/2018,270.0013,--,265.835,270.8052,265.5701
08/06/2018,265.5337,--,263.6064,266.0547,263.4257
08/03/2018,263.9398,--,265.8589,266.2233,262.8763
08/02/2018,266.4542,--,260.7833,266.6105,260.6431
08/01/2018,260.8052,--,260.8084,261.6742,258.902
07/31/2018,261.5812,--,258.7579,263.4353,258.6707
07/30/2018,257.3735,--,260.2302,260.4261,256.2743
07/27/2018,259.9131,--,262.4216,262.8957,258.4776
07/26/2018,263.2864,--,261.1362,264.1631,261.0357
07/25/2018,261.7387,--,257.982,261.7804,257.4899
07/24/2018,258.4403,--,261.1227,261.8362,257.5687
07/23/2018,259.533,--,260.3331,260.572,257.7164
07/20/2018,261.6495,--,264.8204,265.0028,261.5126
07/19/2018,265.0863,--,263.5476,265.4877,263.2567
07/18/2018,264.7801,--,263.9605,264.9531,262.398
07/17/2018,263.4497,--,260.7421,264.1859,260.6132
07/16/2018,261.4257,--,262.8087,263.5322,260.788
07/13/2018,263.1173,--,263.3643,264.0552,262.6009
07/12/2018,263.583,--,263.3061,263.6374,261.8358
07/11/2018,261.6437,--,262.5456,263.9107,261.4728
07/10/2018,265.6012,--,265.0688,265.9771,264.4298
07/09/2018,264.2046,--,263.4831,264.2542,261.5513
07/06/2018,261.9842,--,258.9851,262.1973,258.3628
07/05/2018,259.5233,--,257.0241,259.6034,255.4187
07/03/2018,255.4142,--,256.2571,258.7912,255.1246
07/02/2018,255.7066,--,254.4266,256.9238,253.1993
06/29/2018,254.9348,--,255.9622,258.2365,254.8959
06/28/2018,254.6935,--,253.9155,255.2186,252.4485
06/27/2018,254.4151,--,258.8244,261.1,254.2772
06/26/2018,258.0985,--,257.1606,258.5726,255.4769
06/25/2018,256.627,--,260.239,260.851,254.2917
06/22/2018,260.8555,--,262.521,262.521,260.3286
06/21/2018,260.8235,--,263.8897,264.0948,260.1402
06/20/2018,263.4948,--,263.7468,264.0587,261.7187
06/19/2018,261.9142,--,262.0823,263.1555,258.0017
06/18/2018,265.3928,--,262.2234,265.5925,262.15
06/15/2018,263.9109,--,265.0703,265.0703,262.1386
06/14/2018,266.7953,--,265.4242,267.733,265.4076
06/13/2018,264.6812,--,265.1828,266.1078,264.0409
06/12/2018,264.4755,--,264.1158,266.3062,263.2809
06/11/2018,262.0209,--,262.2938,262.8294,261.2302
06/08/2018,261.1143,--,261.206,262.1527,260.4448
06/07/2018,262.2047,--,263.7408,265.179,260.9794
06/06/2018,264.3289,--,263.1705,264.3431,260.8749
06/05/2018,262.6854,--,263.3511,263.7151,261.2417
06/04/2018,263.3123,--,264.3313,264.3492,261.1128
06/01/2018,263.547,--,264.6517,264.7342,262.8525
05/31/2018,262.9922,--,266.273,267.4581,262.9182
05/30/2018,266.6913,--,265.6615,267.0201,265.1521
05/29/2018,264.7414,--,264.3493,266.4021,262.6548
05/25/2018,264.3586,--,262.2648,264.732,261.6879
05/24/2018,262.7287,--,264.0199,264.2684,261.6136
05/23/2018,264.029,--,263.7087,264.5526,262.045
05/22/2018,265.2382,--,268.1849,268.4426,265.1191
05/21/2018,266.9044,--,266.0347,267.9661,265.994
05/18/2018,263.9135,--,265.7631,266.1098,263.8548
05/17/2018,266.166,--,265.4792,267.9739,264.6738
05/16/2018,265.8576,--,264.7629,266.7006,264.2971
05/15/2018,264.4948,--,263.1591,264.5404,261.8824
05/14/2018,264.6515,--,265.3431,267.7531,264.4236
05/11/2018,263.4669,--,264.6633,265.1736,262.6331
05/10/2018,265.2717,--,262.8398,265.4923,262.0112
05/09/2018,261.1051,--,259.3461,261.1816,257.9082
05/08/2018,258.5614,--,258.2672,259.3413,257.4011
05/07/2018,258.5505,--,257.5461,259.6437,257.3441
05/04/2018,255.3572,--,250.263,256.1968,249.944
05/03/2018,251.2214,--,250.9842,252.0377,247.7921
05/02/2018,253.1968,--,251.5106,255.1558,251.4844
05/01/2018,250.9232,--,251.0565,251.0635,247.821
04/30/2018,250.5558,--,255.5387,255.5787,250.5068
04/27/2018,255.4073,--,257.1227,258.1829,254.9684
04/26/2018,256.069,--,255.3489,256.7134,253.4209
04/25/2018,253.954,--,256.1568,256.2826,251.7141
04/24/2018,255.5661,--,258.6894,260.4628,253.0088
04/23/2018,257.2465,--,259.5652,259.6542,256.4599
04/20/2018,259.1376,--,261.1027,261.9499,258.8094
04/19/2018,261.1821,--,263.559,263.8357,260.1897
04/18/2018,265.0201,--,263.568,266.4516,263.0516
04/17/2018,262.26,--,259.7827,262.8611,259.3513
04/16/2018,258.5773,--,259.7803,259.7976,257.3051
04/13/2018,258.7027,--,261.2458,261.2458,257.9001
04/12/2018,259.3812,--,259.3565,260.2962,258.3178
04/11/2018,258.205,--,256.8953,259.5792,256.5406
04/10/2018,258.2564,--,257.8954,259.3478,256.5717
04/09/2018,253.512,--,255.5548,257.6311,253.4461
04/06/2018,253.4213,--,256.8275,259.6985,251.9227
04/05/2018,259.6356,--,256.9132,260.2698,256.9132
04/04/2018,255.5453,--,247.7719,255.9859,246.6981
04/03/2018,252.213,--,250.922,252.8554,247.5293
04/02/2018,248.6606,--,253.3441,254.0695,247.1564
03/29/2018,255.3851,--,251.8181,257.0961,251.0095
03/28/2018,250.5394,--,255.5592,255.9138,249.6952
03/27/2018,256.8548,--,264.3519,264.3519,255.8918
03/26/2018,263.6094,--,261.3178,263.6652,258.4425
03/23/2018,257.1697,--,262.0539,262.8768,257.1697
03/22/2018,262.1379,--,266.7205,267.4562,262.1064
03/21/2018,269.3943,--,267.5399,271.7041,267.2822
03/20/2018,267.2858,--,265.838,267.9866,265.5986
03/19/2018,265.2644,--,266.2034,266.806,261.8655
03/16/2018,268.2709,--,267.1812,269.0172,267.0551
03/15/2018,266.9973,--,268.5373,269.2264,265.9122
03/14/2018,267.5542,--,270.4684,270.6815,267.0626
03/13/2018,269.5925,--,272.9109,273.2788,268.9428
03/12/2018,272.3133,--,270.7735,272.8199,270.3641
03/09/2018,269.8124,--,266.8113,269.8847,266.8113
03/08/2018,266.0257,--,266.1407,266.6361,264.1893
03/07/2018,265.124,--,262.4207,265.7233,262.3846
03/06/2018,264.987,--,262.2367,265.5744,262.0204
03/05/2018,260.9305,--,258.5475,261.5945,258.364
03/02/2018,259.8612,--,254.6781,260.1389,253.7679
03/01/2018,256.8874,--,259.6176,259.8506,254.6401
02/28/2018,259.7462,--,263.9032,263.9032,259.7326
02/27/2018,262.914,--,265.5702,267.6055,262.9032
02/26/2018,265.5144,--,262.5365,265.5476,261.6069
02/23/2018,261.4305,--,261.3708,262.3059,258.6224
02/22/2018,262.5365,--,264.1252,264.809,261.8168
02/21/2018,263.218,--,265.9899,267.7011,263.1893
02/20/2018,264.6882,--,262.5545,266.9696,262.5545
02/16/2018,262.9665,--,263.1505,265.3979,262.7931
02/15/2018,263.8948,--,261.1132,264.2865,258.4613
02/14/2018,258.2989,--,253.4638,258.7801,253.276
02/13/2018,253.0844,--,249.7605,253.3214,249.4689
02/12/2018,250.9638,--,248.6902,252.408,247.2968
02/09/2018,247.1407,--,247.312,248.7608,238.8689
02/08/2018,244.8967,--,253.6916,254.414,244.8881
02/07/2018,253.2126,--,255.0612,256.7407,252.5624
02/06/2018,255.472,--,248.4765,256.1943,247.0227
02/05/2018,253.0246,--,260.1933,263.5878,253.0192
02/02/2018,263.761,--,268.563,268.569,263.7166
02/01/2018,269.9157,--,270.3406,271.945,268.9604
01/31/2018,271.6545,--,274.7578,275.826,270.8086
01/30/2018,272.715,--,273.0966,275.0142,272.3002
01/29/2018,277.3747,--,277.3732,277.9823,274.8975
01/26/2018,278.436,--,275.9241,278.436,272.9369
01/25/2018,274.5012,--,280.4944,280.8706,274.0075
01/24/2018,277.9381,--,282.1535,283.1542,275.5646
01/23/2018,281.0487,--,284.1309,284.5482,279.9694
01/22/2018,282.2719,--,282.0849,282.4717,280.9761
01/19/2018,282.2685,--,280.5292,282.4304,280.1385
01/18/2018,280.1167,--,280.0173,281.6017,279.5162
01/17/2018,280.4702,--,277.9681,281.0125,277.6072
01/16/2018,276.3645,--,279.5879,280.6608,274.6518
01/12/2018,278.0169,--,278.7566,279.0598,277.228
01/11/2018,278.4838,--,272.2312,278.5479,272.2275
01/10/2018,271.4484,--,271.5025,272.2957,270.3352
01/09/2018,273.6701,--,279.4167,279.4167,273.1131
01/08/2018,279.4009,--,274.6916,279.8591,273.3322
01/05/2018,274.784,--,273.6838,275.3707,273.2542
01/04/2018,273.0314,--,274.0415,274.4709,270.9154
01/03/2018,273.0554,--,272.5355,274.3407,271.5506
01/02/2018,271.5047,--,267.0705,271.6043,266.8392
12/29/2017,265.9054,--,268.5899,268.8069,265.8343
12/28/2017,268.3026,--,268.9581,269.1074,267.1115
12/27/2017,267.9647,--,266.466,268.1325,265.8762
12/26/2017,266.3727,--,266.5226,266.69,264.4747
12/22/2017,268.0157,--,269.5664,269.5957,267.7309
12/21/2017,269.5734,--,270.1201,270.7034,269.0976
12/20/2017,269.5822,--,270.768,271.1303,269.0039
12/19/2017,269.4481,--,271.9227,273.1159,268.8967
12/18/2017,272.5915,--,270.1457,272.7365,270.0586
12/15/2017,267.9675,--,265.2447,268.764,264.6819
12/14/2017,264.1622,--,264.199,266.0079,263.4278
12/13/2017,263.8189,--,264.5105,265.3298,262.9197
12/12/2017,263.8941,--,263.4509,265.2593,263.414
12/11/2017,263.6396,--,263.6636,265.1165,262.6084
12/08/2017,262.5387,--,263.8439,265.3157,262.1106
12/07/2017,261.3137,--,258.0554,261.6286,257.8359
12/06/2017,257.2876,--,256.5155,258.8271,256.2991
12/05/2017,257.246,--,255.6427,259.8965,254.6312
12/04/2017,256.6885,--,265.718,265.7332,256.4208
12/01/2017,263.1917,--,265.2497,265.3503,257.7338
11/30/2017,266.3729,--,265.6612,267.036,264.8767
11/29/2017,264.2188,--,271.9622,272.4304,263.3881
11/28/2017,272.5799,--,270.8217,272.7946,270.2844
11/27/2017,270.089,--,271.494,271.4947,269.5531
11/24/2017,272.0994,--,271.8509,272.3754,271.4526
11/22/2017,270.8716,--,273.1965,273.3332,270.7443
11/21/2017,272.3928,--,271.147,272.6142,270.8397
11/20/2017,269.9966,--,269.1123,270.0189,268.5103
11/17/2017,268.3808,--,269.065,269.6561,268.0081
11/16/2017,268.5542,--,266.5146,270.0507,266.5126
11/15/2017,264.9774,--,265.4001,266.6902,263.1521
11/14/2017,267.7322,--,267.6436,268.6572,266.3027
11/13/2017,268.4259,--,266.5715,268.5146,265.9839
11/10/2017,267.9943,--,267.3886,269.1348,266.893
11/09/2017,267.4691,--,267.7219,268.8965,264.9858
11/08/2017,269.11,--,268.985,269.4243,267.7101
11/07/2017,269.2308,--,271.4064,271.7413,268.3585
11/06/2017,271.0222,--,267.4473,271.0931,266.525
11/03/2017,266.9812,--,263.6935,266.9894,263.6935
11/02/2017,262.9701,--,263.6499,265.6268,262.3484
11/01/2017,264.8644,--,269.0636,269.0932,263.7831
10/31/2017,267.155,--,265.5463,268.4906,264.983
10/30/2017,264.6411,--,262.2896,265.4428,262.0268
10/27/2017,263.0053,--,259.9025,263.0053,259.7139
10/26/2017,258.0318,--,257.9315,258.8019,257.0002
10/25/2017,257.2118,--,261.2843,261.3272,255.4139
10/24/2017,261.6187,--,261.2323,262.411,260.8068
10/23/2017,260.6099,--,262.2016,262.3186,260.2893
10/20/2017,261.35,--,262.0368,262.2667,260.8413
10/19/2017,260.3918,--,258.6155,260.4454,256.7516
10/18/2017,261.4389,--,259.5454,262.5129,259.2756
10/17/2017,258.852,--,258.311,259.1734,257.9654
10/16/2017,258.7848,--,259.4635,259.6404,258.3714
10/13/2017,258.6106,--,258.909,259.5773,258.3147
10/12/2017,257.6903,--,255.9809,258.8516,255.8292
10/11/2017,256.3682,--,257.2297,257.4671,255.7355
10/10/2017,257.3313,--,257.754,257.754,255.7628
10/09/2017,255.8839,--,257.0413,257.6335,255.5301
10/06/2017,257.1173,--,255.5482,257.1568,255.435
10/05/2017,256.6181,--,257.4465,257.4589,256.0424
10/04/2017,256.8837,--,255.4589,257.1734,253.7565
10/03/2017,255.4898,--,254.2823,255.4898,253.6843
10/02/2017,253.9675,--,253.2208,253.9884,251.3914
09/29/2017,252.1228,--,251.8505,252.5421,251.3793
09/28/2017,251.4982,--,250.126,251.4982,249.1573
09/27/2017,250.6063,--,247.8773,251.9896,247.5318
09/26/2017,246.2283,--,247.848,248.2636,245.6049
09/25/2017,246.2437,--,250.0055,250.335,245.9704
09/22/2017,250.101,--,248.032,250.5577,247.9727
09/21/2017,249.1176,--,251.234,251.234,248.8161
09/20/2017,251.3612,--,252.8995,253.4861,250.0553
09/19/2017,252.8391,--,254.4382,254.638,252.4282
09/18/2017,253.8706,--,253.7318,254.9403,253.1543
09/15/2017,251.6139,--,250.8343,252.3266,250.2371
09/14/2017,250.5073,--,249.2938,250.6521,248.5283
09/13/2017,249.4406,--,248.3704,250.0859,247.8887
09/12/2017,249.0248,--,248.964,250.0034,248.4258
09/11/2017,248.485,--,246.7795,248.5361,246.5945
09/08/2017,244.493,--,245.409,245.5383,244.1563
09/07/2017,246.0248,--,246.177,246.177,244.6244
09/06/2017,245.5285,--,246.6679,247.0308,245.3433
09/05/2017,245.7683,--,246.3262,247.6891,243.8231
09/01/2017,247.3377,--,246.4983,247.4624,246.0918
08/31/2017,245.8804,--,244.3763,246.6695,244.0553
08/30/2017,243.8261,--,240.1868,244.2568,240.0818
08/29/2017,239.3562,--,236.3072,239.8244,236.0884
08/28/2017,238.8688,--,239.1592,239.2032,237.6236
08/25/2017,238.5723,--,240.6283,240.7888,238.5224
08/24/2017,239.7793,--,239.0057,240.283,238.3702
08/23/2017,238.1947,--,235.4972,238.6386,235.3767
08/22/2017,237.659,--,236.1977,237.9732,236.1977
08/21/2017,234.9177,--,237.7098,237.7163,234.3699
08/18/2017,237.7815,--,237.6124,239.1032,236.9934
08/17/2017,238.0449,--,242.8031,244.2859,238.0106
08/16/2017,243.8258,--,244.5407,245.9105,243.6444
08/15/2017,243.9297,--,244.6415,244.767,243.5297
08/14/2017,244.6348,--,242.544,244.9079,242.312
08/11/2017,240.8312,--,238.66,241.1078,238.3975
08/10/2017,239.2125,--,243.7017,244.2712,239.1497
08/09/2017,245.6126,--,245.6415,247.1992,244.8934
08/08/2017,247.2163,--,248.3021,250.0374,246.6542
08/07/2017,248.7172,--,246.8067,249.0192,246.79
08/04/2017,246.1366,--,245.1194,246.5763,243.4154
08/03/2017,245.8295,--,247.5614,248.2308,245.021
08/02/2017,245.612,--,248.6128,248.6154,243.1957
08/01/2017,249.1198,--,249.4045,249.4459,247.0453
07/31/2017,248.4929,--,250.6166,250.8553,247.8604
07/28/2017,249.9583,--,249.4331,250.2817,247.898
07/27/2017,248.5305,--,251.7953,252.0728,245.8538
07/26/2017,250.9439,--,251.1736,251.9498,250.6305
07/25/2017,250.5795,--,251.9774,252.0672,249.356
07/24/2017,251.1613,--,249.9997,251.2839,249.7544
07/21/2017,249.9548,--,251.2575,251.2575,248.6535
07/20/2017,251.2487,--,251.0573,251.548,249.4019
07/19/2017,250.6813,--,248.1901,251.252,248.0722
07/18/2017,246.8224,--,243.1253,246.8319,242.7673
07/17/2017,243.5657,--,244.1734,244.3812,243.0731
07/14/2017,244.2256,--,241.9615,244.6463,241.9532
07/13/2017,241.2157,--,242.0428,242.4349,240.2588
07/12/2017,241.3842,--,238.5119,241.6532,238.5119
07/11/2017,236.2852,--,234.9653,236.6351,234.2031
07/10/2017,235.1406,--,234.0185,235.8888,233.1027
07/07/2017,234.3511,--,232.6813,234.6202,232.6668
07/06/2017,231.483,--,232.2125,233.6814,231.071
07/05/2017,233.9848,--,235.5451,236.4571,232.8043
07/03/2017,235.9618,--,238.3865,239.4496,235.9438
06/30/2017,236.8882,--,237.6495,238.5556,236.1285
06/29/2017,237.134,--,240.5091,240.6937,233.5464
06/28/2017,239.2297,--,236.9193,239.4712,235.9127
06/27/2017,235.8594,--,239.189,239.2666,235.8494
06/26/2017,239.7675,--,240.7982,241.9479,238.1441
06/23/2017,239.3958,--,236.5715,240.7089,236.2979
06/22/2017,236.5142,--,233.5554,238.0108,233.1262
06/21/2017,233.2125,--,232.7615,234.2874,232.342
06/20/2017,232.2858,--,234.3992,235.0682,232.1773
06/19/2017,234.5304,--,233.7747,235.061,233.2698
06/16/2017,232.3234,--,232.1299,233.3031,231.0346
06/15/2017,232.4693,--,231.9542,233.1814,231.2736
06/14/2017,235.142,--,237.5289,237.5289,233.2551
06/13/2017,237.0804,--,236.6038,237.6222,234.6977
06/12/2017,234.4328,--,234.4976,235.6415,231.7102
06/09/2017,236.022,--,241.3689,242.9604,234.1453
06/08/2017,240.413,--,235.7539,240.4427,234.766
06/07/2017,234.9703,--,234.7964,235.5061,233.3806
06/06/2017,233.9114,--,231.5707,235.2184,231.2278
06/05/2017,232.1647,--,232.0549,232.9317,231.3582
06/02/2017,232.4441,--,231.745,233.0029,231.1041
06/01/2017,231.3972,--,230.1208,231.4423,229.044
05/31/2017,228.9753,--,229.7479,229.9723,226.4449
05/30/2017,229.1288,--,228.1877,229.7324,228.1628
05/26/2017,228.2117,--,227.7363,228.6333,227.0023
05/25/2017,228.3957,--,228.6199,228.9458,227.4694
05/24/2017,227.6848,--,225.7899,227.9101,225.6528
05/23/2017,225.1359,--,226.2417,226.4586,224.9657
05/22/2017,225.9302,--,224.8156,226.1253,224.3961
05/19/2017,223.804,--,222.8921,224.8613,222.8763
05/18/2017,221.8795,--,218.9385,222.3196,218.7795
05/17/2017,219.8538,--,224.8261,225.0801,219.8188
05/16/2017,227.7231,--,227.8698,227.8889,226.2243
05/15/2017,227.7071,--,225.556,228.5705,225.2972
05/12/2017,225.407,--,227.4267,227.4673,224.8229
05/11/2017,227.6684,--,228.0042,228.9778,226.1541
05/10/2017,228.367,--,227.1274,228.7234,226.5937
05/09/2017,227.1047,--,225.1121,227.6238,225.063
05/08/2017,224.6527,--,224.8838,225.3005,223.5873
05/05/2017,224.2881,--,220.7542,224.2881,220.5485
05/04/2017,218.8518,--,220.4625,220.5294,217.6527
05/03/2017,220.0374,--,221.2673,222.6362,219.7766
05/02/2017,221.3083,--,221.3157,222.2056,219.8854
05/01/2017,221.6035,--,221.3478,222.5936,219.7926
04/28/2017,220.7485,--,224.3594,224.3594,220.6759
04/27/2017,223.4092,--,222.5938,223.6326,222.3205
04/26/2017,221.8514,--,221.7001,222.4746,220.6496
04/25/2017,222.6471,--,221.8973,223.1301,221.8024
04/24/2017,220.9957,--,219.7626,221.3421,219.3461
04/21/2017,216.9579,--,217.4675,217.4686,216.5564
04/20/2017,218.0478,--,217.2697,218.2954,215.8967
04/19/2017,216.1882,--,216.4791,217.8805,215.7981
04/18/2017,215.577,--,214.5018,215.7477,214.0154
04/17/2017,215.4639,--,214.1449,215.5714,213.4423
04/13/2017,213.3352,--,214.4156,215.6378,213.3325
04/12/2017,214.9595,--,218.2116,218.2116,214.5414
04/11/2017,218.5486,--,218.1499,218.5712,215.4257
04/10/2017,219.0175,--,217.1152,219.7619,217.0374
04/07/2017,216.3777,--,215.5583,217.2441,215.4393
04/06/2017,216.1505,--,213.8659,216.3453,212.8996
04/05/2017,213.9783,--,217.7878,218.856,213.711
04/04/2017,216.5456,--,216.0359,217.1742,215.6817
04/03/2017,219.2147,--,220.8265,221.1473,218.0033
03/31/2017,219.7873,--,219.6403,220.6898,219.1035
03/30/2017,219.6446,--,218.8901,220.001,218.8456
03/29/2017,218.5799,--,217.7849,218.8703,217.1301
03/28/2017,218.038,--,216.3364,218.2571,215.9915
03/27/2017,215.9101,--,213.4561,216.2537,212.4614
03/24/2017,215.2496,--,215.0446,217.015,214.4006
03/23/2017,213.9287,--,213.6358,215.4145,212.8728
03/22/2017,213.8495,--,212.5641,213.9308,211.2808
03/21/2017,212.8417,--,219.4475,219.764,212.7152
03/20/2017,218.9003,--,220.1843,220.2493,218.2532
03/17/2017,220.1947,--,219.9963,220.7481,219.4395
03/16/2017,220.0555,--,219.9452,220.8556,219.746
03/15/2017,218.6074,--,215.8728,219.0358,215.7796
03/14/2017,215.4927,--,215.3956,215.5124,213.3272
03/13/2017,216.037,--,214.9504,216.0787,214.4833
03/10/2017,214.7272,--,215.0434,215.4887,213.8713
03/09/2017,213.8843,--,213.8811,215.0354,213.1111
03/08/2017,214.4173,--,215.5067,216.2174,214.3769
03/07/2017,215.178,--,215.8026,216.6128,215.05
03/06/2017,215.4612,--,216.2791,216.3617,214.2384
03/03/2017,217.4338,--,218.4248,218.7262,216.8425
03/02/2017,218.5045,--,219.8634,220.4786,218.4064
03/01/2017,220.027,--,221.3392,221.4756,218.9594
02/28/2017,218.9974,--,222.0111,222.1226,218.5993
02/27/2017,223.0691,--,221.3146,223.0691,220.5734
02/24/2017,221.9751,--,218.4994,222.0868,218.3707
02/23/2017,220.0303,--,220.6832,220.8796,219.0402
02/22/2017,221.0884,--,223.4244,223.4505,220.1779
02/21/2017,223.733,--,221.3225,223.9689,221.2352
02/17/2017,220.1934,--,217.834,220.2041,217.2137
02/16/2017,218.3108,--,219.2531,220.1738,217.5289
02/15/2017,219.5304,--,217.3289,219.6632,217.171
02/14/2017,217.1422,--,216.2042,217.2398,215.1311
02/13/2017,216.2778,--,215.6942,217.1107,215.0543
02/10/2017,213.2729,--,212.1649,213.7756,211.2804
02/09/2017,211.4581,--,210.7906,212.2921,210.7906
02/08/2017,210.7351,--,209.6999,211.1648,208.8308
02/07/2017,209.9985,--,210.7474,210.9598,209.1708
02/06/2017,210.4039,--,210.4813,210.8206,209.4968
02/03/2017,210.7666,--,208.9049,210.9291,208.8527
02/02/2017,208.2465,--,207.6016,209.0776,207.2471
02/01/2017,209.3529,--,209.8561,210.6637,207.5373
01/31/2017,208.3398,--,207.5954,208.5571,205.464
01/30/2017,207.7144,--,208.9559,209.1089,205.5745
01/27/2017,210.0589,--,211.3641,211.4485,209.3348
01/26/2017,211.4934,--,212.8417,213.2695,211.0293
01/25/2017,212.5617,--,211.8403,213.7648,211.8403
01/24/2017,210.0757,--,208.8701,210.6262,208.8701
01/23/2017,208.2124,--,208.6397,209.7033,207.566
01/20/2017,208.9376,--,207.5776,209.183,207.5776
01/19/2017,207.0548,--,208.7231,209.448,206.196
01/18/2017,207.9072,--,208.0911,208.5449,207.1816
01/17/2017,207.4116,--,209.1894,209.3511,206.8248
01/13/2017,209.5099,--,208.0217,210.1062,207.9386
01/12/2017,207.2159,--,208.6693,208.6693,204.4348
01/11/2017,208.734,--,207.8777,208.8588,206.8966
01/10/2017,208.0724,--,206.4074,208.1192,206.4074
01/09/2017,205.9199,--,207.9569,208.1294,204.4171
01/06/2017,208.0882,--,208.0666,209.0252,207.4838
01/05/2017,207.7432,--,209.453,209.5892,206.6371
01/04/2017,209.5451,--,205.9799,209.6546,205.9799
01/03/2017,205.492,--,205.1379,207.33,203.8595
12/30/2016,203.322,--,206.0231,206.4357,202.7565
12/29/2016,205.24,--,205.397,206.5113,204.3637
12/28/2016,205.5934,--,210.0359,210.2889,205.3755
12/27/2016,209.5588,--,206.7467,209.6053,206.7334
12/23/2016,206.5307,--,204.9646,206.5307,204.8486
12/22/2016,205.1976,--,206.0872,206.3061,204.8031
12/21/2016,205.7768,--,207.6005,207.9968,205.7645
12/20/2016,207.631,--,208.1879,208.9813,206.5315
12/19/2016,207.4331,--,205.2788,207.7419,205.2733
12/16/2016,205.2675,--,205.5581,206.9794,204.8421
12/15/2016,205.165,--,202.6284,206.535,202.2701
12/14/2016,202.8572,--,204.5971,205.4763,202.7261
12/13/2016,205.1287,--,204.0874,205.821,203.8168
12/12/2016,203.5427,--,205.2543,206.0539,203.0124
12/09/2016,205.6258,--,205.3451,206.3274,205.274
12/08/2016,204.9618,--,204.2789,205.5162,203.294
12/07/2016,204.3171,--,199.8613,204.8315,199.6889
12/06/2016,199.8663,--,198.9912,200.3103,197.931
12/05/2016,199.0638,--,196.4225,199.164,196.2779
12/02/2016,195.13,--,194.7357,195.8297,194.2999
12/01/2016,194.7178,--,199.5454,199.8138,193.751
11/30/2016,199.5474,--,201.43,201.4611,199.2661
11/29/2016,200.5441,--,202.6487,203.1451,200.3471
11/28/2016,203.1322,--,204.0356,204.3056,202.9877
11/25/2016,204.4949,--,203.134,204.4981,202.661
11/23/2016,203.0304,--,199.867,203.0476,199.732
11/22/2016,200.5615,--,198.1596,200.5768,197.7006
11/21/2016,197.4729,--,197.0385,198.0205,196.114
11/18/2016,196.5229,--,196.8598,197.2329,196.1562
11/17/2016,197.1522,--,196.5253,198.2825,195.8767
11/16/2016,197.2432,--,196.7427,197.5199,195.992
11/15/2016,197.3554,--,196.0199,197.709,195.9147
11/14/2016,195.6961,--,194.6032,196.0693,194.1949
11/11/2016,193.9269,--,189.9666,193.9991,189.9105
11/10/2016,189.5518,--,191.6337,191.8366,187.148
11/09/2016,189.9725,--,185.8626,190.389,185.2683
11/08/2016,191.5271,--,190.6167,192.5425,189.5256
11/07/2016,191.0137,--,190.6747,191.5908,189.4385
11/04/2016,187.9271,--,186.9609,190.0761,186.2885
11/03/2016,187.693,--,189.3692,190.0989,187.5176
11/02/2016,186.6301,--,188.7095,189.1289,186.5199
11/01/2016,188.8232,--,191.4413,192.166,187.3124
10/31/2016,191.0113,--,190.7404,191.2776,189.9426
10/28/2016,190.45,--,191.8633,192.8641,190.2764
10/27/2016,191.706,--,194.4315,194.4858,191.2872
10/26/2016,192.8496,--,192.4306,194.1224,192.3531
10/25/2016,193.0516,--,194.6059,194.9797,192.6712
10/24/2016,194.7034,--,194.4717,195.8601,194.2489
10/21/2016,193.4941,--,192.3266,193.5918,191.6735
10/20/2016,193.5031,--,192.5558,194.0477,192.2377
10/19/2016,193.2732,--,191.5079,193.9726,190.793
10/18/2016,192.3333,--,191.8525,192.7395,191.3448
10/17/2016,190.0927,--,191.1392,191.3816,190.0141
10/14/2016,191.0583,--,191.8328,193.4976,191.0151
10/13/2016,190.9279,--,190.3247,191.706,188.2639
10/12/2016,191.8754,--,192.3544,192.5003,191.4743
10/11/2016,192.5296,--,195.9669,196.114,191.4612
10/10/2016,196.2194,--,196.2244,197.7687,196.0945
10/07/2016,194.8758,--,197.9134,197.9908,194.494
10/06/2016,198.3408,--,198.0307,198.523,196.071
10/05/2016,198.3162,--,196.8875,199.118,195.4612
10/04/2016,196.1965,--,198.7719,199.0911,195.4671
10/03/2016,198.4731,--,199.2162,199.653,198.2027
09/30/2016,198.8523,--,197.2962,199.4293,196.3381
09/29/2016,196.4307,--,197.9372,198.8432,195.7339
09/28/2016,198.2942,--,197.372,198.4296,196.1626
09/27/2016,196.8253,--,194.3833,196.8748,194.1761
09/26/2016,194.5186,--,195.8226,196.263,194.4208
09/23/2016,196.4374,--,196.8326,197.8583,196.38
09/22/2016,197.7425,--,195.4611,197.8934,195.4333
09/21/2016,194.4171,--,192.63,194.4807,191.5894
09/20/2016,191.897,--,194.054,194.3685,191.8386
09/19/2016,193.1302,--,192.1641,194.7485,192.1204
09/16/2016,191.0293,--,190.7583,191.0305,189.4446
09/15/2016,191.0455,--,188.5721,191.2639,188.4099
09/14/2016,188.5136,--,190.111,190.3297,188.0258
09/13/2016,190.2198,--,193.0216,193.069,189.3603
09/12/2016,194.0209,--,190.5707,194.0437,190.1418
09/09/2016,191.6549,--,196.6526,196.6533,191.6509
09/08/2016,197.8899,--,197.5443,198.0993,196.3328
09/07/2016,198.0278,--,198.1751,198.4294,197.4996
09/06/2016,198.0842,--,197.9226,198.7442,197.5671
09/02/2016,197.2307,--,197.1835,197.8671,196.5837
09/01/2016,196.0788,--,196.1921,197.0809,194.2271
08/31/2016,196.0292,--,196.9435,197.0153,195.0907
08/30/2016,197.3478,--,197.511,198.5435,196.9316
08/29/2016,197.373,--,197.5383,198.3685,197.2581
08/26/2016,197.46,--,197.8831,200.1272,196.8361
08/25/2016,197.3632,--,197.1728,198.1423,196.7571
08/24/2016,197.2941,--,199.2613,199.639,196.9116
08/23/2016,199.2205,--,198.9776,199.8659,198.8622
08/22/2016,198.0214,--,198.2546,198.3866,197.0165
08/19/2016,198.798,--,197.8939,199.3301,197.79
08/18/2016,198.311,--,196.8346,198.5041,196.8346
08/17/2016,196.3253,--,197.193,197.2819,195.0629
08/16/2016,198.2027,--,200.1894,200.212,198.1509
08/15/2016,200.5574,--,199.6341,201.146,199.6336
08/12/2016,199.1402,--,199.3346,199.8213,198.4998
08/11/2016,198.8503,--,198.7418,199.364,197.9949
08/10/2016,197.9948,--,199.4591,199.4709,197.3374
08/09/2016,202.4397,--,202.9436,203.6542,202.0585
08/08/2016,202.8551,--,203.4779,204.4164,202.7303
08/05/2016,202.6642,--,200.3244,202.9037,199.3861
08/04/2016,200.4072,--,202.3339,202.4518,199.8942
08/03/2016,202.3109,--,200.1643,202.3741,200.0011
08/02/2016,200.5434,--,203.8176,203.8176,199.848
08/01/2016,203.1553,--,202.8149,204.1738,201.4346
07/29/2016,203.2293,--,203.5636,203.7615,202.1513
07/28/2016,203.0994,--,204.1348,204.1357,202.1859
07/27/2016,204.2025,--,205.4662,205.9403,203.7898
07/26/2016,205.2995,--,199.1786,205.8374,199.1464
07/25/2016,199.0765,--,198.5107,199.4413,198.3882
07/22/2016,198.1965,--,197.4034,198.4197,196.0895
07/21/2016,197.7923,--,198.8053,200.2912,197.3092
07/20/2016,199.1641,--,197.2263,199.7807,197.1487
07/19/2016,196.6373,--,196.9651,197.735,196.4465
07/18/2016,197.5212,--,196.237,198.1128,195.2956
07/15/2016,195.4903,--,196.3195,196.3577,194.5769
07/14/2016,195.5687,--,195.8501,196.4476,194.6372
07/13/2016,193.8213,--,195.5887,195.6407,193.424
07/12/2016,195.4437,--,195.2443,196.2779,194.8699
07/11/2016,194.1966,--,192.7413,194.8242,192.6347
07/08/2016,191.5712,--,188.8326,191.6493,188.6805
07/07/2016,187.0853,--,187.3092,189.1536,186.3084
07/06/2016,187.6848,--,185.0936,187.7473,183.9751
07/05/2016,186.1355,--,187.9501,187.9944,184.9312
07/01/2016,189.5004,--,188.0678,189.9715,187.9732
06/30/2016,188.9069,--,185.415,188.9215,185.1382
06/29/2016,185.0958,--,182.81,185.7054,182.1616
06/28/2016,180.7781,--,177.4483,181.1705,177.4454
06/27/2016,175.0034,--,179.3604,179.3604,173.5173
06/24/2016,181.3811,--,183.3906,184.8013,180.2215
06/23/2016,189.9352,--,188.0813,189.9562,187.7597
06/22/2016,187.0621,--,189.1176,190.1171,186.9756
06/21/2016,189.3094,--,190.1057,190.1057,188.4767
06/20/2016,189.7519,--,189.0888,191.7523,189.0888
06/17/2016,186.5588,--,187.4692,187.61,186.0974
06/16/2016,187.5034,--,187.1203,187.6455,184.8833
06/15/2016,188.0157,--,188.3917,190.1438,187.8092
06/14/2016,187.5581,--,187.5959,188.9282,186.386
06/13/2016,188.0024,--,188.8369,190.8205,187.6882
06/10/2016,189.5064,--,193.4895,193.5404,189.1525
06/09/2016,195.3457,--,196.5604,196.5604,195.0276
06/08/2016,197.1645,--,196.8038,197.9009,196.5429
06/07/2016,196.4915,--,194.9007,197.0477,194.83
